happiness_score,gdp,family,health,freedom,generosity,corruption,region,year,country,social_wellbeing,positive_factors
7.587,1.39651,1.34951,0.94143,0.66557,0.29678,0.41978,Western Europe,2015,Switzerland,2.29094,1.93908
7.561,1.30232,1.40223,0.94784,0.62877,0.4363,0.14145,Western Europe,2015,Iceland,2.35007,2.22594
7.527,1.32548,1.36058,0.87464,0.64938,0.34139,0.48357,Western Europe,2015,Denmark,2.23522,1.83268
7.522,1.459,1.33095,0.88521,0.66973,0.34699,0.36503,Western Europe,2015,Norway,2.2161600000000004,2.11069
7.427,1.32629,1.32261,0.90563,0.63297,0.45811,0.32957,North America,2015,Canada,2.22824,2.0878
7.406,1.29025,1.31826,0.88911,0.64169,0.23351,0.41372,Western Europe,2015,Finland,2.20737,1.7517299999999998
7.378,1.32944,1.28017,0.89284,0.61576,0.4761,0.31814,Western Europe,2015,Netherlands,2.17301,2.10316
7.364,1.33171,1.28907,0.91087,0.6598,0.36262,0.43844,Western Europe,2015,Sweden,2.19994,1.9156900000000001
7.286,1.25018,1.31967,0.90837,0.63938,0.47501,0.42922,Australia and New Zealand,2015,New Zealand,2.22804,1.9353500000000001
7.284,1.33358,1.30923,0.93156,0.65124,0.43562,0.35637,Australia and New Zealand,2015,Australia,2.24079,2.06407
7.278,1.22857,1.22393,0.91387,0.41319,0.33172,0.07785,Middle East and Northern Africa,2015,Israel,2.1378,1.89563
7.226,0.95578,1.23788,0.86027,0.63376,0.25497,0.10583,Latin America and Caribbean,2015,Costa Rica,2.09815,1.7386799999999998
7.2,1.33723,1.29704,0.89042,0.62433,0.33088,0.18676,Western Europe,2015,Austria,2.1874599999999997,2.10568
7.187,1.02054,0.91451,0.81444,0.48181,0.14074,0.21312,Latin America and Caribbean,2015,Mexico,1.7289500000000002,1.4299700000000002
7.119,1.39451,1.24711,0.86179,0.54604,0.40105,0.1589,North America,2015,United States,2.1088999999999998,2.1827
6.983,0.98124,1.23287,0.69702,0.49049,0.14574,0.17521,Latin America and Caribbean,2015,Brazil,1.9298899999999999,1.4422599999999999
6.946,1.56391,1.21963,0.91894,0.61583,0.28034,0.37798,Western Europe,2015,Luxembourg,2.13857,2.0820999999999996
6.94,1.33596,1.36948,0.89533,0.61777,0.45901,0.28703,Western Europe,2015,Ireland,2.2648099999999998,2.12571
6.937,1.30782,1.28566,0.89667,0.5845,0.2225,0.2254,Western Europe,2015,Belgium,2.18233,1.8894199999999999
6.901,1.42727,1.12575,0.80925,0.64157,0.26428,0.38583,Middle East and Northern Africa,2015,United Arab Emirates,1.935,1.9472899999999997
6.867,1.26637,1.28548,0.90943,0.59625,0.51912,0.32067,Western Europe,2015,United Kingdom,2.19491,2.06107
6.853,1.36011,1.08182,0.76276,0.63274,0.21542,0.32524,Middle East and Northern Africa,2015,Oman,1.84458,1.8830299999999998
6.81,1.04424,1.25596,0.72052,0.42908,0.05841,0.11069,Latin America and Caribbean,2015,Venezuela,1.97648,1.4210400000000003
6.798,1.52186,1.02,1.02525,0.54252,0.31105,0.4921,Southeastern Asia,2015,Singapore,2.0452500000000002,1.8833299999999997
6.786,1.06353,1.1985,0.79661,0.5421,0.24434,0.0927,Latin America and Caribbean,2015,Panama,1.99511,1.75727
6.75,1.32792,1.29937,0.89186,0.61477,0.28214,0.21843,Western Europe,2015,Germany,2.19123,2.0063999999999997
6.67,1.10715,1.12447,0.85857,0.44132,0.33363,0.12869,Latin America and Caribbean,2015,Chile,1.9830400000000001,1.75341
6.611,1.69042,1.0786,0.79733,0.6404,0.32573,0.52208,Middle East and Northern Africa,2015,Qatar,1.8759299999999999,2.1344700000000003
6.575,1.27778,1.26038,0.94579,0.55011,0.12332,0.20646,Western Europe,2015,France,2.20617,1.74475
6.574,1.05351,1.24823,0.78723,0.44974,0.11451,0.08484,Latin America and Caribbean,2015,Argentina,2.03546,1.53292
6.505,1.17898,1.20643,0.84483,0.46364,0.10686,0.02652,Central and Eastern Europe,2015,Czech Republic,2.05126,1.7229599999999998
6.485,1.06166,1.2089,0.8116,0.60362,0.2324,0.24558,Latin America and Caribbean,2015,Uruguay,2.0205,1.6521000000000001
6.477,0.91861,1.24018,0.69077,0.53466,0.18401,0.0512,Latin America and Caribbean,2015,Colombia,1.9309500000000002,1.5860800000000002
6.455,0.9669,1.26504,0.7385,0.55664,0.5763,0.03187,Southeastern Asia,2015,Thailand,2.00354,2.0679700000000003
6.411,1.39541,1.08393,0.72025,0.31048,0.13706,0.32524,Middle East and Northern Africa,2015,Saudi Arabia,1.8041800000000001,1.5177100000000001
6.329,1.23011,1.31379,0.95562,0.45951,0.18227,0.06398,Western Europe,2015,Spain,2.26941,1.8079100000000001
6.302,1.2074,1.30203,0.88721,0.60365,0.51752,0.13586,Western Europe,2015,Malta,2.18924,2.19271
6.298,1.29098,1.07617,0.8753,0.3974,0.25376,0.08129,Eastern Asia,2015,Taiwan,1.95147,1.86085
6.295,1.55422,1.16594,0.72492,0.55499,0.16228,0.25609,Middle East and Northern Africa,2015,Kuwait,1.89086,2.0154
6.269,0.99534,0.972,0.6082,0.59657,0.16991,0.13633,Latin America and Caribbean,2015,Suriname,1.5802,1.6254899999999999
6.168,1.21183,1.18354,0.61483,0.55884,0.31844,0.0114,Latin America and Caribbean,2015,Trinidad and Tobago,1.79837,2.0777099999999997
6.13,0.76454,1.02507,0.67737,0.4035,0.10692,0.11776,Latin America and Caribbean,2015,El Salvador,1.70244,1.1571999999999998
6.123,0.74553,1.04356,0.64425,0.57733,0.27489,0.09472,Latin America and Caribbean,2015,Guatemala,1.68781,1.50303
6.003,0.63244,1.34043,0.59772,0.65821,0.22837,0.30826,Central and Eastern Europe,2015,Uzbekistan,1.93815,1.2107599999999998
5.995,1.16891,1.26999,0.78902,0.31751,0.16893,0.03431,Central and Eastern Europe,2015,Slovakia,2.05901,1.6210399999999998
5.987,1.27074,1.25712,0.99111,0.49615,0.10705,0.1806,Eastern Asia,2015,Japan,2.24823,1.69334
5.984,1.24461,0.95774,0.96538,0.33208,0.18557,0.07857,Eastern Asia,2015,South Korea,1.92312,1.68369
5.975,0.86402,0.99903,0.79075,0.48574,0.11541,0.1809,Latin America and Caribbean,2015,Ecuador,1.78978,1.28427
5.96,1.32376,1.21624,0.74716,0.45492,0.17362,0.306,Middle East and Northern Africa,2015,Bahrain,1.9634,1.6463
5.948,1.25114,1.19777,0.95446,0.26236,0.22823,0.02901,Western Europe,2015,Italy,2.15223,1.7127199999999998
5.89,0.68133,0.97841,0.5392,0.57414,0.20536,0.088,Latin America and Caribbean,2015,Bolivia,1.51761,1.3728299999999998
5.889,0.59448,1.01528,0.61826,0.32818,0.20951,0.01615,Central and Eastern Europe,2015,Moldova,1.63354,1.11602
5.878,0.75985,1.30477,0.66098,0.53899,0.3424,0.08242,Latin America and Caribbean,2015,Paraguay,1.9657499999999999,1.55882
5.855,1.12254,1.12241,0.64368,0.51649,0.11827,0.08454,Central and Eastern Europe,2015,Kazakhstan,1.76609,1.67276
5.848,1.18498,1.27385,0.87337,0.60855,0.25328,0.03787,Central and Eastern Europe,2015,Slovenia,2.14722,2.0089400000000004
5.833,1.14723,1.25745,0.73128,0.21342,0.02641,0.01031,Central and Eastern Europe,2015,Lithuania,1.9887299999999999,1.37675
5.828,0.59325,1.14184,0.74314,0.55475,0.27815,0.19317,Latin America and Caribbean,2015,Nicaragua,1.88498,1.2329800000000002
5.824,0.90019,0.97459,0.73017,0.41496,0.14982,0.05989,Latin America and Caribbean,2015,Peru,1.7047599999999998,1.40508
5.813,1.03192,1.23289,0.73608,0.37938,0.11046,0.1909,Central and Eastern Europe,2015,Belarus,1.96897,1.33086
5.791,1.12555,1.27948,0.77903,0.53122,0.16759,0.04212,Central and Eastern Europe,2015,Poland,2.05851,1.78224
5.77,1.12486,1.07023,0.72394,0.53024,0.33075,0.10501,Southeastern Asia,2015,Malaysia,1.79417,1.88084
5.759,1.08254,0.79624,0.78805,0.25883,0.05444,0.0243,Central and Eastern Europe,2015,Croatia,1.58429,1.37151
5.754,1.13145,1.11862,0.7038,0.41668,0.18295,0.11023,Middle East and Northern Africa,2015,Libya,1.82242,1.62085
5.716,1.13764,1.23617,0.66926,0.36679,0.00199,0.03005,Central and Eastern Europe,2015,Russia,1.90543,1.47637
5.709,0.81038,1.15102,0.68741,0.50442,0.2123,0.02299,Latin America and Caribbean,2015,Jamaica,1.8384299999999998,1.5041099999999998
5.695,1.20806,1.07008,0.92356,0.49027,0.26169,0.1428,Western Europe,2015,North Cyprus,1.99364,1.8172199999999998
5.689,1.20813,0.89318,0.92356,0.40672,0.30638,0.06146,Western Europe,2015,Cyprus,1.81674,1.85977
5.605,0.93929,1.07772,0.61766,0.28579,0.07822,0.17383,Middle East and Northern Africa,2015,Algeria,1.69538,1.12947
5.589,0.80148,0.81198,0.63132,0.24749,0.2831,0.04741,Central and Eastern Europe,2015,Kosovo,1.4433,1.28466
5.548,0.95847,1.22668,0.53886,0.4761,0.16979,0.30844,Central and Eastern Europe,2015,Turkmenistan,1.76554,1.2959200000000002
5.477,1.00761,0.98521,0.7095,0.56066,0.37744,0.07521,Sub-Saharan Africa,2015,Mauritius,1.6947100000000002,1.8705
5.474,1.38604,1.05818,1.01328,0.59608,0.39478,0.37124,Eastern Asia,2015,Hong Kong,2.07146,2.0056599999999998
5.429,1.15174,1.22791,0.77361,0.44888,0.0868,0.15184,Central and Eastern Europe,2015,Estonia,2.00152,1.53558
5.399,0.82827,1.08708,0.63793,0.46611,0.51535,0.0,Southeastern Asia,2015,Indonesia,1.7250100000000002,1.8097299999999998
5.36,0.63216,0.91226,0.74676,0.59444,0.1686,0.10441,Southeastern Asia,2015,Vietnam,1.65902,1.2907899999999999
5.332,1.06098,0.94632,0.73172,0.22815,0.12253,0.15746,Middle East and Northern Africa,2015,Turkey,1.6780400000000002,1.2542000000000002
5.286,0.47428,1.15115,0.65088,0.43477,0.3003,0.04232,Central and Eastern Europe,2015,Kyrgyzstan,1.8020299999999998,1.16703
5.268,0.65435,0.90432,0.16007,0.34334,0.27233,0.0403,Sub-Saharan Africa,2015,Nigeria,1.06439,1.22972
5.253,0.77042,1.10395,0.57407,0.53206,0.47998,0.15445,Southern Asia,2015,Bhutan,1.67802,1.6280100000000002
5.212,1.02389,0.93793,0.64045,0.3703,0.07799,0.16065,Central and Eastern Europe,2015,Azerbaijan,1.5783800000000001,1.31153
5.194,0.59543,0.41411,0.51466,0.12102,0.33671,0.10464,Southern Asia,2015,Pakistan,0.92877,0.9485200000000001
5.192,0.90198,1.05392,0.69639,0.40661,0.11053,0.14293,Middle East and Northern Africa,2015,Jordan,1.7503099999999998,1.2761900000000002
5.192,0.97438,0.90557,0.72521,0.1826,0.1614,0.14296,Central and Eastern Europe,2015,Montenegro,1.6307800000000001,1.1754200000000001
5.14,0.89012,0.94675,0.81658,0.51697,0.08185,0.02781,Eastern Asia,2015,China,1.7633299999999998,1.4611300000000003
5.129,0.47038,0.91612,0.29924,0.48827,0.19591,0.12468,Sub-Saharan Africa,2015,Zambia,1.21536,1.0298800000000001
5.124,1.04345,0.88588,0.7689,0.35068,0.13748,0.00649,Central and Eastern Europe,2015,Romania,1.6547800000000001,1.52512
5.123,0.92053,1.00964,0.74836,0.20107,0.19231,0.02617,Central and Eastern Europe,2015,Serbia,1.758,1.2877399999999999
5.102,1.15991,1.13935,0.87519,0.51469,0.13719,0.01078,Western Europe,2015,Portugal,2.01454,1.8010099999999998
5.098,1.11312,1.09562,0.72437,0.29671,0.18226,0.06332,Central and Eastern Europe,2015,Latvia,1.81999,1.5287700000000002
5.073,0.70532,1.03516,0.58114,0.62545,0.24991,0.12279,Southeastern Asia,2015,Philippines,1.6163,1.45789
5.057,0.18847,0.95152,0.43873,0.46582,0.50318,0.39928,Sub-Saharan Africa,2015,Somaliland region,1.39025,0.7581899999999999
5.013,0.73479,0.64095,0.60954,0.41691,0.07172,0.08546,Middle East and Northern Africa,2015,Morocco,1.25049,1.1379599999999999
5.007,0.91851,1.00232,0.73545,0.33457,0.22359,0.05327,Central and Eastern Europe,2015,Macedonia,1.7377700000000003,1.4234
4.971,0.08308,1.02626,0.09131,0.34037,0.22269,0.15603,Sub-Saharan Africa,2015,Mozambique,1.11757,0.49010999999999993
4.959,0.87867,0.80434,0.81325,0.35733,0.14272,0.06413,Central and Eastern Europe,2015,Albania,1.61759,1.31459
4.949,0.83223,0.91916,0.79081,0.09245,0.24808,0.00227,Central and Eastern Europe,2015,Bosnia and Herzegovina,1.70997,1.17049
4.898,0.37545,1.04103,0.07612,0.31767,0.16388,0.12504,Sub-Saharan Africa,2015,Lesotho,1.1171499999999999,0.7319599999999999
4.885,0.89537,1.17202,0.66825,0.57672,0.21684,0.14234,Latin America and Caribbean,2015,Dominican Republic,1.84027,1.5465900000000001
4.876,0.59066,0.73803,0.54909,0.59591,0.42192,0.24249,Southeastern Asia,2015,Laos,1.2871199999999998,1.366
4.874,0.82819,1.3006,0.60268,0.43626,0.3323,0.02666,Eastern Asia,2015,Mongolia,1.90328,1.5700900000000002
4.867,0.71206,1.07284,0.07566,0.30658,0.18259,0.0306,Sub-Saharan Africa,2015,Swaziland,1.1485,1.17063
4.857,1.15406,0.92933,0.88213,0.07699,0.0,0.01397,Western Europe,2015,Greece,1.8114599999999998,1.2170800000000002
4.839,1.02564,0.80001,0.83947,0.33916,0.21854,0.04582,Middle East and Northern Africa,2015,Lebanon,1.63948,1.5375200000000002
4.8,1.12094,1.20215,0.75905,0.32112,0.128,0.02758,Central and Eastern Europe,2015,Hungary,1.9612,1.5424800000000003
4.788,0.59532,0.95348,0.6951,0.40148,0.23027,0.06825,Latin America and Caribbean,2015,Honduras,1.64858,1.15882
4.786,0.39047,0.85563,0.57379,0.47216,0.22974,0.15072,Central and Eastern Europe,2015,Tajikistan,1.42942,0.9416500000000001
4.739,0.88113,0.60429,0.73793,0.26268,0.06431,0.06358,Middle East and Northern Africa,2015,Tunisia,1.34222,1.1445400000000001
4.715,0.59867,0.92558,0.66015,0.24499,0.11251,0.12905,Middle East and Northern Africa,2015,Palestinian Territories,1.5857299999999999,0.8271200000000001
4.694,0.39753,0.43106,0.60164,0.4082,0.21222,0.12569,Southern Asia,2015,Bangladesh,1.0327,0.8922600000000002
4.686,1.0088,0.54447,0.69805,0.30033,0.38086,0.05863,Middle East and Northern Africa,2015,Iran,1.2425199999999998,1.63136
4.681,0.79907,1.20278,0.6739,0.25123,0.15275,0.02961,Central and Eastern Europe,2015,Ukraine,1.87668,1.17344
4.677,0.98549,0.81889,0.60237,0.0,0.17922,0.13788,Middle East and Northern Africa,2015,Iraq,1.42126,1.02683
4.642,0.92049,1.18468,0.27688,0.33207,0.11973,0.08884,Sub-Saharan Africa,2015,South Africa,1.46156,1.28345
4.633,0.54558,0.67954,0.40132,0.42342,0.23087,0.04355,Sub-Saharan Africa,2015,Ghana,1.08086,1.15632
4.61,0.271,1.03276,0.33475,0.25861,0.18987,0.08079,Sub-Saharan Africa,2015,Zimbabwe,1.3675099999999998,0.63869
4.571,0.0712,0.78968,0.34201,0.28531,0.24362,0.06232,Sub-Saharan Africa,2015,Liberia,1.13169,0.53781
4.565,0.64499,0.38174,0.51529,0.39786,0.26475,0.08492,Southern Asia,2015,India,0.89703,1.22268
4.55,0.52107,1.01404,0.36878,0.10081,0.19062,0.1466,Sub-Saharan Africa,2015,Sudan,1.3828200000000002,0.6658999999999999
4.518,0.26673,0.74302,0.38847,0.24425,0.46187,0.17175,Latin America and Caribbean,2015,Haiti,1.1314899999999999,0.8010999999999999
4.517,0.0,1.0012,0.09806,0.22605,0.24834,0.07625,Sub-Saharan Africa,2015,Congo (Kinshasa),1.0992600000000001,0.39814
4.514,0.35997,0.86449,0.56874,0.38282,0.32296,0.05907,Southern Asia,2015,Nepal,1.43323,1.00668
4.512,0.19073,0.60406,0.44055,0.4345,0.24325,0.15048,Sub-Saharan Africa,2015,Ethiopia,1.04461,0.718
4.507,0.33024,0.95571,0.0,0.4084,0.21488,0.08786,Sub-Saharan Africa,2015,Sierra Leone,0.95571,0.8656599999999999
4.436,0.45407,0.86908,0.35874,0.24232,0.219,0.17461,Sub-Saharan Africa,2015,Mauritania,1.22782,0.74078
4.419,0.36471,0.99876,0.41435,0.42215,0.37542,0.05839,Sub-Saharan Africa,2015,Kenya,1.41311,1.10389
4.369,0.44025,0.59207,0.36291,0.46074,0.18093,0.28105,Sub-Saharan Africa,2015,Djibouti,0.9549799999999999,0.80087
4.35,0.76821,0.77711,0.7299,0.19847,0.07855,0.039,Central and Eastern Europe,2015,Armenia,1.50701,1.00623
4.332,0.99355,1.10464,0.04776,0.49495,0.10461,0.12474,Sub-Saharan Africa,2015,Botswana,1.1524,1.4683700000000002
4.307,0.27108,0.70905,0.48246,0.44017,0.79588,0.19034,Southeastern Asia,2015,Myanmar,1.19151,1.3167900000000001
4.297,0.7419,0.38562,0.72926,0.40577,0.05547,0.38331,Central and Eastern Europe,2015,Georgia,1.11488,0.8198299999999998
4.292,0.01604,0.41134,0.22562,0.43054,0.33128,0.06977,Sub-Saharan Africa,2015,Malawi,0.63696,0.70809
4.271,0.83524,1.01905,0.70806,0.53726,0.40828,0.09179,Southern Asia,2015,Sri Lanka,1.7271100000000001,1.68899
4.252,0.4225,0.88767,0.23402,0.49309,0.20618,0.05786,Sub-Saharan Africa,2015,Cameroon,1.12169,1.06391
4.218,1.01216,1.10614,0.76649,0.30587,0.11921,0.00872,Central and Eastern Europe,2015,Bulgaria,1.87263,1.4285199999999998
4.194,0.8818,0.747,0.61712,0.17288,0.11291,0.06324,Middle East and Northern Africa,2015,Egypt,1.36412,1.1043500000000002
4.077,0.54649,0.68093,0.40064,0.35571,0.09131,0.07854,Middle East and Northern Africa,2015,Yemen,1.0815700000000001,0.9149700000000001
4.033,0.75778,0.8604,0.16683,0.10384,0.12344,0.07122,Sub-Saharan Africa,2015,Angola,1.02723,0.91384
3.995,0.26074,1.03526,0.20583,0.38857,0.18798,0.12352,Sub-Saharan Africa,2015,Mali,1.24109,0.7137700000000001
3.989,0.67866,0.6629,0.31051,0.41466,0.12388,0.11686,Sub-Saharan Africa,2015,Congo (Brazzaville),0.9734100000000001,1.10034
3.956,0.23906,0.79273,0.36315,0.22917,0.17441,0.199,Sub-Saharan Africa,2015,Comoros,1.15588,0.4436400000000001
3.931,0.21102,1.13299,0.33861,0.45727,0.29066,0.07267,Sub-Saharan Africa,2015,Uganda,1.4716,0.88628
3.904,0.36498,0.97619,0.4354,0.36772,0.20843,0.10713,Sub-Saharan Africa,2015,Senegal,1.41159,0.8340000000000001
3.896,1.06024,0.90528,0.43372,0.31914,0.06822,0.11091,Sub-Saharan Africa,2015,Gabon,1.339,1.33669
3.845,0.0694,0.77265,0.29707,0.47692,0.19387,0.15639,Sub-Saharan Africa,2015,Niger,1.06972,0.5838
3.819,0.46038,0.62736,0.61114,0.66246,0.40359,0.07247,Southeastern Asia,2015,Cambodia,1.2385000000000002,1.45396
3.781,0.2852,1.00268,0.38215,0.32878,0.34377,0.05747,Sub-Saharan Africa,2015,Tanzania,1.38483,0.90028
3.681,0.20824,0.66801,0.46721,0.19184,0.21333,0.08124,Sub-Saharan Africa,2015,Madagascar,1.13522,0.53217
3.678,0.0785,0.0,0.06699,0.48879,0.23835,0.08289,Sub-Saharan Africa,2015,Central African Republic,0.06699,0.7227499999999999
3.667,0.34193,0.76062,0.1501,0.23501,0.18386,0.05269,Sub-Saharan Africa,2015,Chad,0.91072,0.70811
3.656,0.17417,0.46475,0.24009,0.37725,0.28657,0.12139,Sub-Saharan Africa,2015,Guinea,0.70484,0.7166
3.655,0.46534,0.77115,0.15185,0.46866,0.20165,0.17922,Sub-Saharan Africa,2015,Ivory Coast,0.923,0.9564300000000001
3.587,0.25812,0.85188,0.27125,0.39493,0.21747,0.12832,Sub-Saharan Africa,2015,Burkina Faso,1.12313,0.7422
3.575,0.31982,0.30285,0.30335,0.23414,0.3651,0.09719,Southern Asia,2015,Afghanistan,0.6062000000000001,0.82187
3.465,0.22208,0.7737,0.42864,0.59201,0.22628,0.55191,Sub-Saharan Africa,2015,Rwanda,1.20234,0.48846
3.34,0.28665,0.35386,0.3191,0.4845,0.1826,0.0801,Sub-Saharan Africa,2015,Benin,0.67296,0.87365
3.006,0.6632,0.47489,0.72193,0.15684,0.47179,0.18906,Middle East and Northern Africa,2015,Syria,1.19682,1.10277
2.905,0.0153,0.41587,0.22396,0.1185,0.19727,0.10062,Sub-Saharan Africa,2015,Burundi,0.63983,0.23045
2.839,0.20868,0.13995,0.28443,0.36453,0.16681,0.10731,Sub-Saharan Africa,2015,Togo,0.42438,0.63271
7.526,1.44178,1.16374,0.79504,0.57941,0.36171,0.44453,Western Europe,2016,Denmark,1.95878,1.93837
7.509,1.52733,1.14524,0.86303,0.58557,0.28083,0.41203,Western Europe,2016,Switzerland,2.00827,1.9817
7.501,1.42666,1.18326,0.86733,0.56624,0.47678,0.14975,Western Europe,2016,Iceland,2.05059,2.3199300000000003
7.498,1.57744,1.1269,0.79579,0.59609,0.37895,0.35776,Western Europe,2016,Norway,1.92269,2.1947200000000002
7.413,1.40598,1.13464,0.81091,0.57104,0.25492,0.41004,Western Europe,2016,Finland,1.9455500000000001,1.8218999999999999
7.404,1.44015,1.0961,0.8276,0.5737,0.44834,0.31329,North America,2016,Canada,1.9237000000000002,2.1489000000000003
7.339,1.46468,1.02912,0.81231,0.55211,0.47416,0.29927,Western Europe,2016,Netherlands,1.84143,2.19168
7.334,1.36066,1.17278,0.83096,0.58147,0.49401,0.41904,Australia and New Zealand,2016,New Zealand,2.00374,2.0171
7.313,1.44443,1.10476,0.8512,0.56837,0.47407,0.32331,Australia and New Zealand,2016,Australia,1.95596,2.1635600000000004
7.291,1.45181,1.08764,0.83121,0.58218,0.38254,0.40867,Western Europe,2016,Sweden,1.91885,2.0078600000000004
7.267,1.33766,0.99537,0.84917,0.36432,0.32288,0.08728,Middle East and Northern Africa,2016,Israel,1.8445399999999998,1.9375799999999999
7.119,1.45038,1.08383,0.80565,0.54355,0.32865,0.21348,Western Europe,2016,Austria,1.88948,2.1090999999999998
7.104,1.50796,1.04782,0.779,0.48163,0.41077,0.14868,North America,2016,United States,1.82682,2.25168
7.087,1.06879,1.02152,0.76146,0.55225,0.22553,0.10547,Latin America and Caribbean,2016,Costa Rica,1.78298,1.7410999999999999
7.039,1.35943,1.08113,0.77758,0.46823,0.22202,0.12275,Latin America and Caribbean,2016,Puerto Rico,1.8587099999999999,1.92693
6.994,1.44787,1.09774,0.81487,0.53466,0.30452,0.28551,Western Europe,2016,Germany,1.91261,2.0015400000000003
6.952,1.08754,1.03938,0.61415,0.40425,0.15776,0.14166,Latin America and Caribbean,2016,Brazil,1.65353,1.5078900000000002
6.929,1.42539,1.05249,0.81959,0.51354,0.2424,0.26248,Western Europe,2016,Belgium,1.87208,1.91885
6.907,1.48341,1.16157,0.81455,0.54008,0.44963,0.29754,Western Europe,2016,Ireland,1.9761199999999999,2.1755799999999996
6.871,1.69752,1.03999,0.84542,0.5487,0.27571,0.35329,Western Europe,2016,Luxembourg,1.8854099999999998,2.1686400000000003
6.778,1.11508,0.7146,0.71143,0.37709,0.11735,0.18355,Latin America and Caribbean,2016,Mexico,1.42603,1.42597
6.739,1.64555,0.86758,0.94719,0.4877,0.32706,0.46987,Southeastern Asia,2016,Singapore,1.81477,1.9904400000000002
6.725,1.40283,1.08672,0.80991,0.50036,0.50156,0.27399,Western Europe,2016,United Kingdom,1.89663,2.13076
6.705,1.2167,0.90587,0.81883,0.37789,0.31595,0.11451,Latin America and Caribbean,2016,Chile,1.7247,1.79603
6.701,1.18306,0.98912,0.70835,0.48927,0.2418,0.08423,Latin America and Caribbean,2016,Panama,1.69747,1.8299
6.65,1.15137,1.06612,0.69711,0.42284,0.10989,0.07296,Latin America and Caribbean,2016,Argentina,1.76323,1.61114
6.596,1.30915,1.00793,0.76376,0.41418,0.09929,0.03986,Central and Eastern Europe,2016,Czech Republic,1.77169,1.7827600000000001
6.573,1.57352,0.87114,0.72993,0.56215,0.26591,0.35561,Middle East and Northern Africa,2016,United Arab Emirates,1.60107,2.04597
6.545,1.18157,1.03143,0.72183,0.54388,0.18056,0.21394,Latin America and Caribbean,2016,Uruguay,1.75326,1.69207
6.488,1.30782,1.09879,0.80315,0.54994,0.56237,0.17554,Western Europe,2016,Malta,1.90194,2.24459
6.481,1.03032,1.02169,0.59659,0.44735,0.15626,0.05399,Latin America and Caribbean,2016,Colombia,1.61828,1.57994
6.478,1.39488,1.00508,0.83795,0.46562,0.1216,0.17808,Western Europe,2016,France,1.84303,1.8040199999999997
6.474,1.0893,1.04477,0.64915,0.49553,0.58696,0.02833,Southeastern Asia,2016,Thailand,1.6939199999999999,2.14346
6.379,1.48953,0.84829,0.59267,0.37904,0.15457,0.30008,Middle East and Northern Africa,2016,Saudi Arabia,1.44096,1.7230600000000003
6.379,1.39729,0.92624,0.79565,0.32377,0.25495,0.0663,Eastern Asia,2016,Taiwan,1.72189,1.90971
6.375,1.82427,0.87964,0.71723,0.56679,0.32388,0.48049,Middle East and Northern Africa,2016,Qatar,1.59687,2.23445
6.361,1.34253,1.12945,0.87896,0.37545,0.17665,0.06137,Western Europe,2016,Spain,2.00841,1.8332600000000001
6.355,1.05266,0.83309,0.61804,0.21006,0.07044,0.16157,Middle East and Northern Africa,2016,Algeria,1.45113,1.17159
6.324,0.83454,0.87119,0.54039,0.50379,0.28808,0.08701,Latin America and Caribbean,2016,Guatemala,1.41158,1.5393999999999999
6.269,1.09686,0.77866,0.50933,0.52234,0.16665,0.12692,Latin America and Caribbean,2016,Suriname,1.28799,1.65893
6.239,1.61714,0.87758,0.63569,0.43166,0.15965,0.23669,Middle East and Northern Africa,2016,Kuwait,1.51327,1.97176
6.218,1.44024,0.94397,0.65696,0.47375,0.17147,0.25772,Middle East and Northern Africa,2016,Bahrain,1.60093,1.8277400000000004
6.168,1.32572,0.98569,0.52608,0.48453,0.31935,0.01241,Latin America and Caribbean,2016,Trinidad and Tobago,1.5117699999999998,2.11719
6.084,1.13367,1.03302,0.61904,0.19847,0.0425,0.08304,Latin America and Caribbean,2016,Venezuela,1.65206,1.2915999999999999
6.078,1.27973,1.08268,0.70367,0.23391,0.13837,0.02947,Central and Eastern Europe,2016,Slovakia,1.78635,1.62254
6.068,0.8737,0.80975,0.596,0.37269,0.08877,0.10613,Latin America and Caribbean,2016,El Salvador,1.4057499999999998,1.22903
6.005,1.25142,0.88025,0.62366,0.39031,0.41474,0.09081,Southeastern Asia,2016,Malaysia,1.5039099999999999,1.96566
5.992,0.69384,0.89521,0.65213,0.46582,0.29773,0.16292,Latin America and Caribbean,2016,Nicaragua,1.54734,1.2944700000000002
5.987,0.73591,1.1681,0.50163,0.60848,0.34326,0.28333,Central and Eastern Europe,2016,Uzbekistan,1.66973,1.40432
5.977,1.35495,1.04167,0.85102,0.18827,0.16684,0.02556,Western Europe,2016,Italy,1.89269,1.6844999999999999
5.976,0.97306,0.85974,0.68613,0.4027,0.10074,0.18037,Latin America and Caribbean,2016,Ecuador,1.5458699999999999,1.2961300000000002
5.956,0.87616,0.68655,0.45569,0.51231,0.23684,0.10771,Latin America and Caribbean,2016,Belize,1.14224,1.5176
5.921,1.38007,1.06054,0.91491,0.46761,0.10224,0.18985,Eastern Asia,2016,Japan,1.97545,1.76007
5.919,1.22943,0.95544,0.57386,0.4052,0.15011,0.11132,Central and Eastern Europe,2016,Kazakhstan,1.5293,1.67342
5.897,0.69177,0.83132,0.52309,0.25202,0.19997,0.01903,Central and Eastern Europe,2016,Moldova,1.3544100000000001,1.12473
5.856,1.23228,1.05261,0.58991,0.32682,0.02736,0.03586,Central and Eastern Europe,2016,Russia,1.6425200000000002,1.5506
5.835,1.24585,1.04685,0.69058,0.4519,0.14443,0.055,Central and Eastern Europe,2016,Poland,1.73743,1.78718
5.835,1.35948,0.72194,0.88645,0.25168,0.18824,0.07716,Eastern Asia,2016,South Korea,1.60839,1.7222399999999998
5.822,0.79422,0.83779,0.4697,0.50961,0.21698,0.07746,Latin America and Caribbean,2016,Bolivia,1.30749,1.44335
5.813,1.2692,1.06411,0.64674,0.18929,0.02025,0.0182,Central and Eastern Europe,2016,Lithuania,1.7108499999999998,1.4605400000000002
5.802,1.13062,1.04993,0.63104,0.29091,0.13942,0.17457,Central and Eastern Europe,2016,Belarus,1.68097,1.38638
5.771,1.31141,0.81826,0.84142,0.43596,0.26322,0.16578,Western Europe,2016,North Cyprus,1.6596799999999998,1.84481
5.768,1.29947,1.05613,0.79151,0.53164,0.25738,0.03635,Central and Eastern Europe,2016,Slovenia,1.8476400000000002,2.0521399999999996
5.743,0.99602,0.81255,0.62994,0.37502,0.14527,0.05292,Latin America and Caribbean,2016,Peru,1.44249,1.46339
5.658,1.08017,1.03817,0.44006,0.37408,0.22567,0.28467,Central and Eastern Europe,2016,Turkmenistan,1.47823,1.39525
5.648,1.14372,0.75695,0.66189,0.46145,0.36951,0.05203,Sub-Saharan Africa,2016,Mauritius,1.4188399999999999,1.9226500000000002
5.615,1.06688,0.95076,0.52304,0.40672,0.17087,0.10339,Middle East and Northern Africa,2016,Libya,1.4738,1.54108
5.56,1.21788,0.95025,0.63952,0.27996,0.17445,0.0889,Central and Eastern Europe,2016,Latvia,1.5897700000000001,1.58339
5.546,1.31857,0.70697,0.8488,0.29507,0.27906,0.05228,Western Europe,2016,Cyprus,1.5557699999999999,1.84042
5.538,0.89373,1.11111,0.58295,0.46235,0.25296,0.07396,Latin America and Caribbean,2016,Paraguay,1.69406,1.53508
5.528,1.1697,0.72803,0.67602,0.36712,0.12889,0.00679,Central and Eastern Europe,2016,Romania,1.4040499999999998,1.65892
5.517,1.27964,1.05163,0.68098,0.41511,0.08423,0.18519,Central and Eastern Europe,2016,Estonia,1.7326100000000002,1.59379
5.51,0.89333,0.96372,0.59469,0.43597,0.22245,0.04294,Latin America and Caribbean,2016,Jamaica,1.55841,1.50881
5.488,1.18649,0.60809,0.70524,0.23907,0.18434,0.04002,Central and Eastern Europe,2016,Croatia,1.31333,1.56988
5.458,1.5107,0.87021,0.95277,0.48079,0.40097,0.31647,Eastern Asia,2016,Hong Kong,1.82298,2.07599
5.44,0.0,0.33613,0.11466,0.56778,0.27225,0.3118,Sub-Saharan Africa,2016,Somalia,0.45078999999999997,0.52823
5.401,0.90145,0.66062,0.54,0.14396,0.27992,0.06547,Central and Eastern Europe,2016,Kosovo,1.20062,1.25986
5.389,1.16492,0.87717,0.64718,0.23889,0.04707,0.12348,Middle East and Northern Africa,2016,Turkey,1.52435,1.3274
5.314,0.95104,0.87625,0.49374,0.39237,0.56521,0.00322,Southeastern Asia,2016,Indonesia,1.36999,1.9054
5.303,0.99673,0.86216,0.60712,0.36023,0.14262,0.13297,Middle East and Northern Africa,2016,Jordan,1.46928,1.3666099999999999
5.291,1.12373,0.76042,0.54504,0.35327,0.0564,0.17914,Central and Eastern Europe,2016,Azerbaijan,1.30546,1.3542599999999998
5.279,0.81217,0.87877,0.47036,0.54854,0.21674,0.11757,Southeastern Asia,2016,Philippines,1.3491300000000002,1.45988
5.245,1.0278,0.79381,0.73561,0.44012,0.04959,0.02745,Eastern Asia,2016,China,1.52942,1.4900600000000002
5.196,0.8527,0.90836,0.49759,0.46074,0.48546,0.1616,Southern Asia,2016,Bhutan,1.4059499999999998,1.6373
5.185,0.56044,0.95434,0.55449,0.40212,0.38432,0.04762,Central and Eastern Europe,2016,Kyrgyzstan,1.5088300000000001,1.29926
5.177,1.03437,0.81329,0.6458,0.15718,0.20737,0.04339,Central and Eastern Europe,2016,Serbia,1.45909,1.35553
5.163,0.93383,0.64367,0.70766,0.09511,0.29889,0.0,Central and Eastern Europe,2016,Bosnia and Herzegovina,1.35133,1.32783
5.161,1.07838,0.74173,0.63533,0.15111,0.17191,0.12721,Central and Eastern Europe,2016,Montenegro,1.37706,1.27419
5.155,1.02787,0.99496,0.57669,0.52259,0.21286,0.12372,Latin America and Caribbean,2016,Dominican Republic,1.57165,1.6396000000000002
5.151,0.84058,0.38595,0.59471,0.25646,0.04053,0.08404,Middle East and Northern Africa,2016,Morocco,0.98066,1.0535299999999999
5.145,1.24142,0.93164,0.67608,0.1977,0.099,0.04472,Central and Eastern Europe,2016,Hungary,1.60772,1.4933999999999998
5.132,0.68816,0.26135,0.40306,0.14622,0.31185,0.1388,Southern Asia,2016,Pakistan,0.66441,1.00743
5.129,1.12268,0.64184,0.76171,0.26228,0.23693,0.03061,Middle East and Northern Africa,2016,Lebanon,1.40355,1.59128
5.123,1.27607,0.94367,0.79363,0.44727,0.11691,0.01521,Western Europe,2016,Portugal,1.7372999999999998,1.8250400000000002
5.121,1.0193,0.78236,0.64738,0.27668,0.23507,0.07047,Central and Eastern Europe,2016,Macedonia,1.42974,1.46058
5.061,0.74037,0.79117,0.66157,0.55954,0.25075,0.11556,Southeastern Asia,2016,Vietnam,1.45274,1.4351000000000003
5.057,0.25558,0.75862,0.33108,0.3913,0.51479,0.36794,Sub-Saharan Africa,2016,Somaliland Region,1.0897,0.79373
5.045,0.97724,0.43165,0.59577,0.23553,0.03936,0.0817,Middle East and Northern Africa,2016,Tunisia,1.02742,1.17043
5.033,1.24886,0.75473,0.80029,0.05822,0.0,0.04127,Western Europe,2016,Greece,1.5550199999999998,1.26581
4.996,0.48835,0.75602,0.53119,0.43408,0.25998,0.13509,Central and Eastern Europe,2016,Tajikistan,1.28721,1.04732
4.907,0.98853,1.08983,0.55469,0.35972,0.34539,0.03285,Eastern Asia,2016,Mongolia,1.64452,1.6607899999999998
4.876,0.68042,0.5497,0.38291,0.52168,0.43079,0.22423,Southeastern Asia,2016,Laos,0.9326099999999999,1.4086600000000002
4.875,0.75216,0.64498,0.05108,0.27854,0.23219,0.0305,Sub-Saharan Africa,2016,Nigeria,0.69606,1.23239
4.871,0.69429,0.75596,0.58383,0.26755,0.2044,0.06906,Latin America and Caribbean,2016,Honduras,1.3397899999999998,1.09718
4.813,1.11758,0.38857,0.64232,0.22544,0.38538,0.0557,Middle East and Northern Africa,2016,Iran,1.03089,1.6727
4.795,0.61202,0.6376,0.23573,0.42662,0.17866,0.11479,Sub-Saharan Africa,2016,Zambia,0.8733299999999999,1.10251
4.793,0.44626,0.69699,0.50073,0.37012,0.3816,0.07008,Southern Asia,2016,Nepal,1.19772,1.1279000000000001
4.754,0.67024,0.71629,0.56844,0.17744,0.11154,0.10613,Middle East and Northern Africa,2016,Palestinian Territories,1.28473,0.8530899999999999
4.655,0.9553,0.50163,0.73007,0.31866,0.1684,0.05301,Central and Eastern Europe,2016,Albania,1.2317,1.3893499999999999
4.643,0.54177,0.24749,0.52989,0.39778,0.19132,0.12583,Southern Asia,2016,Bangladesh,0.77738,1.0050400000000002
4.635,0.36485,0.628,0.0,0.30685,0.23897,0.08196,Sub-Saharan Africa,2016,Sierra Leone,0.628,0.82871
4.575,1.07474,0.59205,0.51076,0.24856,0.19589,0.13636,Middle East and Northern Africa,2016,Iraq,1.1028099999999998,1.38283
4.574,0.93287,0.70362,0.34745,0.48614,0.07795,0.10398,Sub-Saharan Africa,2016,Namibia,1.05107,1.39298
4.513,0.52497,0.62542,0.12698,0.42736,0.2268,0.06126,Sub-Saharan Africa,2016,Cameroon,0.7524,1.1178700000000001
4.508,0.29283,0.37932,0.34578,0.36703,0.29522,0.1717,Sub-Saharan Africa,2016,Ethiopia,0.7251,0.78338
4.459,1.02416,0.96053,0.18611,0.42483,0.13656,0.08415,Sub-Saharan Africa,2016,South Africa,1.14664,1.5014
4.415,0.97318,0.84783,0.62007,0.50817,0.46978,0.07964,Southern Asia,2016,Sri Lanka,1.4679,1.87149
4.404,0.74036,0.29247,0.45091,0.40285,0.25028,0.08722,Southern Asia,2016,India,0.7433799999999999,1.30627
4.395,0.34112,0.69981,0.3988,0.42692,0.81971,0.20243,Southeastern Asia,2016,Myanmar,1.09861,1.38532
4.362,0.95395,0.49813,0.52116,0.18847,0.12706,0.10393,Middle East and Northern Africa,2016,Egypt,1.01929,1.1655499999999999
4.36,0.86086,0.62477,0.64083,0.14037,0.07793,0.03616,Central and Eastern Europe,2016,Armenia,1.2656,1.0430000000000001
4.356,0.52267,0.7624,0.30147,0.40576,0.41328,0.06686,Sub-Saharan Africa,2016,Kenya,1.06387,1.27485
4.324,0.87287,1.01413,0.58628,0.12859,0.20363,0.01829,Central and Eastern Europe,2016,Ukraine,1.60041,1.1868
4.276,0.63107,0.49353,0.29681,0.40973,0.21203,0.0326,Sub-Saharan Africa,2016,Ghana,0.79034,1.22023
4.272,0.05661,0.80676,0.188,0.15602,0.25458,0.06075,Sub-Saharan Africa,2016,Congo (Kinshasa),0.9947600000000001,0.40645999999999993
4.252,0.83792,0.19249,0.64035,0.32461,0.06786,0.3188,Central and Eastern Europe,2016,Georgia,0.83284,0.9115900000000001
4.236,0.77109,0.47799,0.28212,0.37938,0.12077,0.09753,Sub-Saharan Africa,2016,Congo (Brazzaville),0.7601100000000001,1.1737100000000003
4.219,0.44314,0.77416,0.40457,0.31056,0.19103,0.11681,Sub-Saharan Africa,2016,Senegal,1.1787299999999998,0.8279200000000001
4.217,1.11306,0.92542,0.67806,0.21219,0.12793,0.00615,Central and Eastern Europe,2016,Bulgaria,1.60348,1.44703
4.201,0.61391,0.84142,0.28639,0.1268,0.22686,0.17955,Sub-Saharan Africa,2016,Mauritania,1.12781,0.78802
4.193,0.35041,0.71478,0.1595,0.25429,0.18503,0.08582,Sub-Saharan Africa,2016,Zimbabwe,0.87428,0.70391
4.156,0.08709,0.147,0.29364,0.4143,0.30968,0.07564,Sub-Saharan Africa,2016,Malawi,0.44064000000000003,0.7354299999999999
4.139,0.63069,0.81928,0.29759,0.0,0.18077,0.10039,Sub-Saharan Africa,2016,Sudan,1.11687,0.71107
4.121,1.15851,0.72368,0.3494,0.28098,0.06244,0.09314,Sub-Saharan Africa,2016,Gabon,1.07308,1.40879
4.073,0.31292,0.86333,0.16347,0.27544,0.21064,0.13647,Sub-Saharan Africa,2016,Mali,1.0268000000000002,0.66253
4.028,0.34097,0.29561,0.27494,0.12072,0.47958,0.14476,Latin America and Caribbean,2016,Haiti,0.57055,0.79651
3.974,1.09426,0.89186,0.34752,0.44089,0.12425,0.10769,Sub-Saharan Africa,2016,Botswana,1.23938,1.55171
3.956,0.27509,0.60323,0.29981,0.15412,0.1827,0.18437,Sub-Saharan Africa,2016,Comoros,0.9030400000000001,0.4275399999999999
3.916,0.55507,0.57576,0.04476,0.40663,0.20338,0.1553,Sub-Saharan Africa,2016,Ivory Coast,0.6205200000000001,1.0097800000000001
3.907,0.55604,0.5375,0.42494,0.58852,0.40339,0.08092,Southeastern Asia,2016,Cambodia,0.96244,1.46703
3.866,0.84731,0.66366,0.04991,0.00589,0.12071,0.08434,Sub-Saharan Africa,2016,Angola,0.71357,0.88957
3.856,0.1327,0.6053,0.26162,0.38041,0.2097,0.17176,Sub-Saharan Africa,2016,Niger,0.8669199999999999,0.55105
3.832,0.39394,0.18519,0.15781,0.19662,0.25899,0.13015,Sub-Saharan Africa,2016,South Sudan,0.34299999999999997,0.7194
3.763,0.42214,0.63178,0.03824,0.12807,0.18667,0.04952,Sub-Saharan Africa,2016,Chad,0.6700200000000001,0.68736
3.739,0.31995,0.63054,0.21297,0.3337,0.24353,0.12533,Sub-Saharan Africa,2016,Burkina Faso,0.84351,0.7718500000000001
3.739,0.34719,0.90981,0.19625,0.43653,0.27102,0.06442,Sub-Saharan Africa,2016,Uganda,1.10606,0.99032
3.724,0.57939,0.47493,0.31048,0.2287,0.09821,0.05892,Middle East and Northern Africa,2016,Yemen,0.7854099999999999,0.84738
3.695,0.27954,0.46115,0.37109,0.13684,0.2204,0.07506,Sub-Saharan Africa,2016,Madagascar,0.83224,0.56172
3.666,0.47155,0.77623,0.357,0.3176,0.31472,0.05099,Sub-Saharan Africa,2016,Tanzania,1.13323,1.05288
3.622,0.10706,0.50353,0.23165,0.25748,0.24063,0.04852,Sub-Saharan Africa,2016,Liberia,0.7351800000000001,0.55665
3.607,0.22415,0.3109,0.18829,0.30953,0.29914,0.1192,Sub-Saharan Africa,2016,Guinea,0.49919,0.7136200000000001
3.515,0.32846,0.61586,0.31865,0.5432,0.23552,0.50521,Sub-Saharan Africa,2016,Rwanda,0.93451,0.60197
3.484,0.39499,0.10419,0.21028,0.39747,0.2018,0.06681,Sub-Saharan Africa,2016,Benin,0.31447,0.9274499999999999
3.36,0.38227,0.11037,0.17344,0.1643,0.31268,0.07112,Southern Asia,2016,Afghanistan,0.28381,0.7881300000000001
3.303,0.28123,0.0,0.24811,0.34678,0.17517,0.11587,Sub-Saharan Africa,2016,Togo,0.24811,0.68731
3.069,0.74719,0.14866,0.62994,0.06912,0.48397,0.17233,Middle East and Northern Africa,2016,Syria,0.7786000000000001,1.1279499999999998
2.905,0.06831,0.23442,0.15747,0.0432,0.2029,0.09419,Sub-Saharan Africa,2016,Burundi,0.39188999999999996,0.22021999999999997
7.53700017929077,1.61646318435669,1.53352355957031,0.796666502952576,0.635422587394714,0.36201223731041,0.315963834524155,Unknown,2017,Norway,2.330190062522886,2.2979341745376587
7.52199983596802,1.48238301277161,1.55112159252167,0.792565524578094,0.626006722450256,0.355280488729477,0.40077006816864,Unknown,2017,Denmark,2.3436871170997637,2.0629001557827027
7.50400018692017,1.480633020401,1.6105740070343,0.833552122116089,0.627162635326385,0.475540220737457,0.153526559472084,Unknown,2017,Iceland,2.444126129150389,2.429809316992758
7.49399995803833,1.56497955322266,1.51691174507141,0.858131289482117,0.620070576667786,0.290549278259277,0.367007285356522,Unknown,2017,Switzerland,2.375043034553527,2.1085921227932007
7.4689998626709,1.44357192516327,1.5402467250824,0.80915766954422,0.617950856685638,0.24548277258873,0.38261154294014,Unknown,2017,Finland,2.34940439462662,1.9243940114974978
7.3769998550415,1.50394463539124,1.42893922328949,0.810696125030518,0.585384488105774,0.470489829778671,0.282661825418472,Unknown,2017,Netherlands,2.239635348320008,2.277157127857213
7.31599998474121,1.47920441627502,1.48134899139404,0.83455765247345,0.611100912094116,0.435539722442627,0.287371516227722,Unknown,2017,Canada,2.31590664386749,2.238473534584041
7.31400012969971,1.40570604801178,1.54819512367249,0.816759705543518,0.614062130451202,0.500005125999451,0.382816702127457,Unknown,2017,New Zealand,2.364954829216008,2.136956602334976
7.28399991989136,1.49438726902008,1.47816216945648,0.830875158309937,0.612924098968506,0.385399252176285,0.384398728609085,Unknown,2017,Sweden,2.3090373277664167,2.108311891555786
7.28399991989136,1.484414935112,1.51004195213318,0.84388679265976,0.601607382297516,0.477699249982834,0.301183730363846,Unknown,2017,Australia,2.35392874479294,2.262537837028504
7.21299982070923,1.37538242340088,1.37628996372223,0.83840399980545,0.405988603830338,0.330082654953003,0.0852421000599861,Unknown,2017,Israel,2.21469396352768,2.026211582124235
7.0789999961853,1.10970628261566,1.41640365123749,0.759509265422821,0.580131649971008,0.214613229036331,0.100106589496136,Unknown,2017,Costa Rica,2.175912916660311,1.8043445721268632
7.00600004196167,1.48709726333618,1.4599449634552,0.815328419208527,0.567766189575195,0.316472321748734,0.221060365438461,Unknown,2017,Austria,2.275273382663727,2.1502754092216483
6.99300003051758,1.54625928401947,1.41992056369781,0.77428662776947,0.505740523338318,0.392578780651093,0.135638788342476,Unknown,2017,United States,2.19420719146728,2.308939799666405
6.97700023651123,1.53570663928986,1.55823111534119,0.80978262424469,0.573110342025757,0.42785832285881,0.29838815331459,Unknown,2017,Ireland,2.36801373958588,2.2382871508598368
6.95100021362305,1.48792338371277,1.47252035140991,0.798950731754303,0.562511384487152,0.336269170045853,0.276731938123703,Unknown,2017,Germany,2.2714710831642133,2.109972000122072
6.89099979400635,1.46378076076508,1.46231269836426,0.818091869354248,0.539770722389221,0.231503337621689,0.251343131065369,Unknown,2017,Belgium,2.280404567718508,1.9837116897106206
6.86299991607666,1.74194359779358,1.45758366584778,0.845089495182037,0.59662789106369,0.283180981874466,0.31883442401886,Unknown,2017,Luxembourg,2.302673161029817,2.3029180467128763
6.71400022506714,1.44163393974304,1.49646008014679,0.805335938930511,0.508190035820007,0.492774158716202,0.265428066253662,Unknown,2017,United Kingdom,2.301796019077301,2.177170068025587
6.65199995040894,1.25278460979462,1.28402495384216,0.819479703903198,0.376895278692245,0.326662421226501,0.0822879821062088,Unknown,2017,Chile,2.1035046577453578,1.8740543276071573
6.64799976348877,1.62634336948395,1.26641023159027,0.726798236370087,0.60834527015686,0.3609419465065,0.324489563703537,Unknown,2017,United Arab Emirates,1.9932084679603572,2.271141022443773
6.63500022888184,1.10735321044922,1.43130600452423,0.616552352905273,0.437453746795654,0.16234989464283,0.111092761158943,Unknown,2017,Brazil,2.047858357429503,1.5960640907287613
6.60900020599365,1.35268235206604,1.43388521671295,0.754444003105164,0.490946173667908,0.0881067588925362,0.0368729270994663,Unknown,2017,Czech Republic,2.1883292198181143,1.8948623575270178
6.59899997711182,1.18529546260834,1.44045114517212,0.695137083530426,0.494519203901291,0.109457060694695,0.059739887714386,Unknown,2017,Argentina,2.135588228702546,1.72953183948994
6.57800006866455,1.15318381786346,1.210862159729,0.709978997707367,0.412730008363724,0.120990432798862,0.132774114608765,Unknown,2017,Mexico,1.9208411574363669,1.5541301444172808
6.57200002670288,1.69227766990662,1.35381436347961,0.949492394924164,0.549840569496155,0.345965981483459,0.46430778503418,Unknown,2017,Singapore,2.303306758403774,2.123776435852054
6.52699995040894,1.34327983856201,1.48841166496277,0.821944236755371,0.588767051696777,0.574730575084686,0.153066068887711,Unknown,2017,Malta,2.310355901718141,2.3537113964557617
6.4539999961853,1.21755969524384,1.41222786903381,0.719216823577881,0.57939225435257,0.175096929073334,0.178061872720718,Unknown,2017,Uruguay,2.131444692611691,1.793987005949026
6.4539999961853,0.872001945972443,1.25558519363403,0.540239989757538,0.531310617923737,0.283488392829895,0.0772232785820961,Unknown,2017,Guatemala,1.795825183391568,1.609577678143979
6.4520001411438,1.23374843597412,1.37319254875183,0.706156134605408,0.550026834011078,0.21055693924427,0.070983923971653,Unknown,2017,Panama,2.079348683357238,1.923348285257815
6.44199991226196,1.43092346191406,1.38777685165405,0.844465851783752,0.470222115516663,0.129762306809425,0.172502428293228,Unknown,2017,France,2.232242703437802,1.8584054559469203
6.42399978637695,1.12786877155304,1.42579245567322,0.647239029407501,0.580200731754303,0.572123110294342,0.0316127352416515,Unknown,2017,Thailand,2.0730314850807208,2.2485798783600335
6.42199993133545,1.43362653255463,1.38456535339355,0.793984234333038,0.361466586589813,0.258360475301743,0.0638292357325554,Unknown,2017,Taiwan Province of China,2.178549587726588,1.9896243587136304
6.40299987792969,1.38439786434174,1.53209090232849,0.888960599899292,0.408781230449677,0.190133571624756,0.0709140971302986,Unknown,2017,Spain,2.4210515022277823,1.9123985692858745
6.375,1.87076568603516,1.27429687976837,0.710098087787628,0.604130983352661,0.330473870038986,0.439299255609512,Unknown,2017,Qatar,1.984394967555998,2.3660712838172953
6.35699987411499,1.07062232494354,1.4021829366684,0.595027923583984,0.477487415075302,0.149014472961426,0.0466687418520451,Unknown,2017,Colombia,1.997210860252384,1.6504554711282229
6.3439998626709,1.53062355518341,1.28667759895325,0.590148329734802,0.449750572443008,0.147616013884544,0.27343225479126,Unknown,2017,Saudi Arabia,1.876825928688052,1.8545578867197021
6.16800022125244,1.36135590076447,1.3802285194397,0.519983291625977,0.518630743026733,0.325296461582184,0.0089648161083459,Unknown,2017,Trinidad and Tobago,1.900211811065677,2.196318289265041
6.10500001907349,1.63295245170593,1.25969874858856,0.632105708122253,0.496337592601776,0.228289797902107,0.215159550309181,Unknown,2017,Kuwait,1.891804456710813,2.142420291900632
6.09800004959106,1.32539355754852,1.50505924224854,0.712732911109924,0.295817464590073,0.136544480919838,0.0242108516395092,Unknown,2017,Slovakia,2.217792153358464,1.733544651418922
6.08699989318848,1.48841226100922,1.32311046123505,0.653133034706116,0.536746919155121,0.172668486833572,0.257042169570923,Unknown,2017,Bahrain,1.9762434959411659,1.94078549742699
6.08400011062622,1.29121541976929,1.28464603424072,0.618784427642822,0.402264982461929,0.416608929634094,0.0656007081270218,Unknown,2017,Malaysia,1.903430461883542,2.0444886237382915
6.07100009918213,0.737299203872681,1.28721570968628,0.653095960617065,0.447551846504211,0.301674216985703,0.130687981843948,Unknown,2017,Nicaragua,1.940311670303345,1.3558372855186471
6.00799989700317,1.00082039833069,1.28616881370544,0.685636222362518,0.4551981985569,0.150112465023994,0.140134647488594,Unknown,2017,Ecuador,1.9718050360679578,1.46599641442299
6.00299978256226,0.909784495830536,1.18212509155273,0.596018552780151,0.432452529668808,0.0782579854130745,0.0899809598922729,Unknown,2017,El Salvador,1.7781436443328809,1.3305140510201454
5.97300004959106,1.29178786277771,1.44571197032928,0.699475347995758,0.520342111587524,0.158465966582298,0.0593078061938286,Unknown,2017,Poland,2.145187318325038,1.9112881347537034
5.97100019454956,0.786441087722778,1.54896914958954,0.498272627592087,0.658248662948608,0.415983647108078,0.246528223156929,Unknown,2017,Uzbekistan,2.047241777181627,1.6141451746225348
5.96400022506714,1.39506661891937,1.44492328166962,0.853144347667694,0.256450712680817,0.17278964817524,0.0280280914157629,Unknown,2017,Italy,2.298067629337314,1.796278888359664
5.96299982070923,1.28177809715271,1.46928238868713,0.547349333763123,0.373783111572266,0.0522638224065304,0.0329628810286522,Unknown,2017,Russia,2.016631722450253,1.6748621501028542
5.95599985122681,0.907975316047668,1.08141779899597,0.450191766023636,0.547509372234344,0.240015640854836,0.0965810716152191,Unknown,2017,Belize,1.5316095650196058,1.598919257521629
5.92000007629395,1.41691517829895,1.43633782863617,0.913475871086121,0.505625545978546,0.12057276815176,0.163760736584663,Unknown,2017,Japan,2.349813699722291,1.879352755844593
5.90199995040894,1.31458234786987,1.47351610660553,0.62894994020462,0.234231784939766,0.010164656676352,0.0118656428530812,Unknown,2017,Lithuania,2.10246604681015,1.5471131466329067
5.87200021743774,1.09186446666718,1.1462174654007,0.617584645748138,0.233335807919502,0.0694366469979286,0.146096110343933,Unknown,2017,Algeria,1.763802111148838,1.2485408112406775
5.84999990463257,1.26074862480164,1.40471494197845,0.638566970825195,0.325707912445068,0.153074786067009,0.0738427266478539,Unknown,2017,Latvia,2.043281912803645,1.6656885966658632
5.83799982070923,1.40167844295502,1.12827444076538,0.900214076042175,0.257921665906906,0.206674367189407,0.0632826685905457,Unknown,2017,South Korea,2.028488516807555,1.8029918074607871
5.83799982070923,0.728870630264282,1.25182557106018,0.589465200901031,0.240729048848152,0.208779126405716,0.0100912861526012,Unknown,2017,Moldova,1.841290771961211,1.1682875193655486
5.82499980926514,1.21768391132355,1.15009129047394,0.685158312320709,0.457003742456436,0.133519917726517,0.00438790069893,Unknown,2017,Romania,1.835249602794649,1.8038196708075729
5.82299995422363,0.833756566047668,1.22761905193329,0.473630249500275,0.558732926845551,0.22556072473526,0.0604777261614799,Unknown,2017,Bolivia,1.701249301433565,1.557572491466999
5.82200002670288,1.13077676296234,1.49314916133881,0.437726080417633,0.41827192902565,0.24992498755455,0.259270340204239,Unknown,2017,Turkmenistan,1.930875241756443,1.5397033393383008
5.81899976730347,1.28455626964569,1.38436901569366,0.606041550636292,0.437454283237457,0.201964423060417,0.119282886385918,Unknown,2017,Kazakhstan,1.990410566329952,1.804692089557646
5.80999994277954,1.3469113111496,1.18630337715149,0.834647238254547,0.471203625202179,0.266845703125,0.155353352427483,Unknown,2017,North Cyprus,2.020950615406037,1.9296072870492957
5.75799989700317,1.3412059545517,1.45251882076263,0.790828227996826,0.572575807571411,0.242649093270302,0.0451289787888527,Unknown,2017,Slovenia,2.243347048759456,2.11130187660456
5.71500015258789,1.03522527217865,1.21877038478851,0.630166113376617,0.450002878904343,0.126819714903831,0.0470490865409374,Unknown,2017,Peru,1.848936498165127,1.5649987794458866
5.62900018692017,1.18939554691315,1.20956099033356,0.638007462024689,0.491247326135635,0.360933750867844,0.0421815551817417,Unknown,2017,Mauritius,1.847568452358249,1.9993950687348874
5.62099981307983,1.35593807697296,1.13136327266693,0.84471470117569,0.355111539363861,0.271254301071167,0.0412379764020443,Unknown,2017,Cyprus,1.97607797384262,1.9410659410059439
5.61100006103516,1.32087934017181,1.47667109966278,0.695168316364288,0.479131430387497,0.0988908112049103,0.183248922228813,Unknown,2017,Estonia,2.171839416027068,1.7156526595354042
5.56899976730347,1.15655755996704,1.44494521617889,0.637714266777039,0.295400261878967,0.15513750910759,0.156313821673393,Unknown,2017,Belarus,2.082659482955929,1.4507815092802039
5.52500009536743,1.10180306434631,1.35756433010101,0.520169019699097,0.465733230113983,0.152073666453362,0.0926102101802826,Unknown,2017,Libya,1.8777333498001072,1.6269997507333722
5.5,1.19827437400818,1.33775317668915,0.637605607509613,0.300740599632263,0.0466930419206619,0.0996715798974037,Unknown,2017,Turkey,1.975358784198763,1.4460364356637012
5.49300003051758,0.932537317276001,1.50728487968445,0.579250693321228,0.473507791757584,0.224150657653809,0.091065913438797,Unknown,2017,Paraguay,2.086535573005678,1.539129853248597
5.47200012207031,1.55167484283447,1.26279091835022,0.943062424659729,0.490968644618988,0.374465793371201,0.293933749198914,Unknown,2017,"Hong Kong S.A.R., China",2.2058533430099487,2.123175531625745
5.42999982833862,0.85769921541214,1.25391757488251,0.468009054660797,0.585214674472809,0.193513423204422,0.0993318930268288,Unknown,2017,Philippines,1.721926629543307,1.5370954200625422
5.39499998092651,1.06931757926941,1.25818979740143,0.65078467130661,0.208715528249741,0.220125883817673,0.0409037806093693,Unknown,2017,Serbia,1.90897446870804,1.4572552107274548
5.33599996566772,0.991012394428253,1.23908889293671,0.604590058326721,0.418421149253845,0.172170460224152,0.11980327218771,Unknown,2017,Jordan,1.843678951263431,1.46180073171854
5.32399988174438,1.2860119342804,1.34313309192657,0.687763452529907,0.175863519310951,0.0784016624093056,0.0366369374096394,Unknown,2017,Hungary,2.030896544456477,1.5036401785910172
5.31099987030029,0.925579309463501,1.36821806430817,0.641022384166718,0.474307239055634,0.233818337321281,0.0552677810192108,Unknown,2017,Jamaica,2.009240448474888,1.5784371048212051
5.29300022125244,1.22255623340607,0.96798300743103,0.701288521289825,0.255772292613983,0.248002976179123,0.0431031100451946,Unknown,2017,Croatia,1.669271528720855,1.6832283921539812
5.27899980545044,0.951484382152557,1.13785350322723,0.541452050209045,0.260287940502167,0.319931447505951,0.0574716180562973,Unknown,2017,Kosovo,1.6793055534362749,1.4742321521043777
5.27299976348877,1.08116579055786,1.16083741188049,0.741415500640869,0.472787708044052,0.0288068410009146,0.0227942746132612,Unknown,2017,China,1.9022529125213592,1.5599660649895655
5.26900005340576,0.72688353061676,0.672690689563751,0.402047783136368,0.23521526157856,0.315446019172668,0.124348066747189,Unknown,2017,Pakistan,1.074738472700119,1.1531967446207991
5.26200008392334,0.995538592338562,1.27444469928741,0.492345720529556,0.443323463201523,0.611704587936401,0.0153171354904771,Unknown,2017,Indonesia,1.7667904198169662,2.035249507986009
5.25,1.12843120098114,1.43133759498596,0.617144227027893,0.153997123241425,0.0650196298956871,0.0644911229610443,Unknown,2017,Venezuela,2.0484818220138528,1.2829568311572077
5.23699998855591,1.12112903594971,1.23837649822235,0.667464673519135,0.194989055395126,0.197911024093628,0.0881741940975189,Unknown,2017,Montenegro,1.905841171741485,1.425854921340945
5.2350001335144,0.878114581108093,0.774864435195923,0.59771066904068,0.408158332109451,0.0322099551558495,0.0877631828188896,Unknown,2017,Morocco,1.372575104236603,1.230719685554504
5.23400020599365,1.15360176563263,1.15240025520325,0.540775775909424,0.398155838251114,0.0452693402767181,0.180987507104874,Unknown,2017,Azerbaijan,1.693176031112674,1.4160394370555882
5.23000001907349,1.07937383651733,1.40241670608521,0.574873745441437,0.55258983373642,0.186967849731445,0.113945253193378,Unknown,2017,Dominican Republic,1.977290451526647,1.7049862667918172
5.22700023651123,1.28948748111725,1.23941457271576,0.810198903083801,0.0957312509417534,0.0,0.04328977689147,Unknown,2017,Greece,2.049613475799561,1.3419289551675335
5.22499990463257,1.07498753070831,1.12962424755096,0.735081076622009,0.288515985012054,0.264450758695602,0.037513829767704,Unknown,2017,Lebanon,1.864705324172969,1.590440444648262
5.19500017166138,1.3151752948761,1.36704301834106,0.795843541622162,0.498465299606323,0.0951027125120163,0.0158694516867399,Unknown,2017,Portugal,2.162886559963222,1.8928738553076994
5.18200016021729,0.982409417629242,1.0693359375,0.705186307430267,0.204403176903725,0.328867495059967,0.0,Unknown,2017,Bosnia and Herzegovina,1.774522244930267,1.515680089592934
5.18100023269653,0.730573117733002,1.14394497871399,0.582569479942322,0.348079860210419,0.236188873648643,0.0733454525470734,Unknown,2017,Honduras,1.726514458656312,1.2414963990449908
5.17500019073486,1.06457793712616,1.20789301395416,0.644948184490204,0.325905978679657,0.25376096367836,0.0602777935564518,Unknown,2017,Macedonia,1.8528411984443638,1.583967085927725
5.15100002288818,0.0226431842893362,0.721151351928711,0.113989137113094,0.602126955986023,0.291631311178207,0.282410323619843,Unknown,2017,Somalia,0.835140489041805,0.6339911278337231
5.07399988174438,0.788547575473785,1.27749133110046,0.652168989181519,0.571055591106415,0.234968051314354,0.0876332372426987,Unknown,2017,Vietnam,1.929660320281979,1.5069379806518552
5.07399988174438,0.783756256103516,1.21577048301697,0.0569157302379608,0.394952565431595,0.230947196483612,0.0261215660721064,Unknown,2017,Nigeria,1.2726862132549308,1.3835344519466166
5.04099988937378,0.524713635444641,1.27146327495575,0.529235124588013,0.471566706895828,0.248997643589973,0.146377146244049,Unknown,2017,Tajikistan,1.800698399543763,1.0989008396863928
5.01100015640259,0.885416388511658,1.34012651443481,0.495879292488098,0.501537680625916,0.474054545164108,0.173380389809608,Unknown,2017,Bhutan,1.836005806922908,1.6876282244920742
5.00400018692017,0.596220076084137,1.39423859119415,0.553457796573639,0.454943388700485,0.42858037352562,0.0394391790032387,Unknown,2017,Kyrgyzstan,1.947696387767789,1.4403046593070032
4.96199989318848,0.479820191860199,1.17928326129913,0.504130780696869,0.440305948257446,0.394096165895462,0.0729755461215973,Unknown,2017,Nepal,1.683414041995999,1.2412467598915098
4.95499992370605,1.02723586559296,1.4930112361908,0.557783484458923,0.394143968820572,0.338464230298996,0.0329022891819477,Unknown,2017,Mongolia,2.050794720649723,1.7269417755305803
4.8289999961853,1.05469870567322,1.38478863239288,0.187080070376396,0.479246735572815,0.139362379908562,0.0725094974040985,Unknown,2017,South Africa,1.571868702769276,1.6007983237504984
4.80499982833862,1.00726580619812,0.868351459503174,0.613212049007416,0.289680689573288,0.0496933571994305,0.0867231488227844,Unknown,2017,Tunisia,1.48156350851059,1.259916704148054
4.77500009536743,0.716249227523804,1.15564715862274,0.565666973590851,0.25471106171608,0.114173173904419,0.0892826020717621,Unknown,2017,Palestinian Territories,1.721314132213591,0.995850861072541
4.7350001335144,0.989701807498932,0.997471392154694,0.520187258720398,0.282110154628754,0.128631442785263,0.114381365478039,Unknown,2017,Egypt,1.517658650875092,1.28606203943491
4.71400022506714,1.1614590883255,1.43437945842743,0.708217680454254,0.289231717586517,0.113177694380283,0.0110515309497714,Unknown,2017,Bulgaria,2.1425971388816842,1.5528169693425284
4.70900011062622,0.36842092871666,0.984136044979095,0.0055647538974881,0.318697690963745,0.293040901422501,0.0710951760411263,Unknown,2017,Sierra Leone,0.9897007988765831,0.9090643450617797
4.69500017166138,0.564305365085602,0.946018218994141,0.132892116904259,0.430388748645782,0.236298456788063,0.0513066314160824,Unknown,2017,Cameroon,1.0789103358984,1.1796859391033647
4.69199991226196,1.15687310695648,0.711551249027252,0.639333188533783,0.249322608113289,0.387242913246155,0.048761073499918,Unknown,2017,Iran,1.350884437561035,1.744677554816006
4.64400005340576,0.996192753314972,0.803685247898102,0.731159746646881,0.381498634815216,0.201312944293022,0.0398642159998417,Unknown,2017,Albania,1.534844994544983,1.5391401164233682
4.60799980163574,0.586682975292206,0.735131740570068,0.533241033554077,0.478356659412384,0.172255352139473,0.123717859387398,Unknown,2017,Bangladesh,1.268372774124145,1.113577127456665
4.57399988174438,0.964434325695038,1.0984708070755,0.33861181139946,0.520303547382355,0.0771337449550629,0.0931469723582268,Unknown,2017,Namibia,1.43708261847496,1.4687246456742291
4.55299997329712,0.560479462146759,1.06795072555542,0.309988349676132,0.452763766050339,0.444860309362411,0.0646413192152977,Unknown,2017,Kenya,1.377939075231552,1.3934622183442114
4.55000019073486,0.234305649995804,0.870701014995575,0.106654435396194,0.480791091918945,0.322228103876114,0.179436385631561,Unknown,2017,Mozambique,0.977355450391769,0.857888460159302
4.54500007629395,0.367110550403595,1.12323594093323,0.397522568702698,0.514492034912109,0.838075160980225,0.188816204667091,Unknown,2017,Myanmar,1.520758509635928,1.5308615416288383
4.53499984741211,0.479309022426605,1.17969191074371,0.409362852573395,0.377922266721725,0.183468893170357,0.115460447967052,Unknown,2017,Senegal,1.589054763317105,0.925239734351635
4.51399993896484,0.636406779289246,1.00318729877472,0.257835894823074,0.461603492498398,0.249580144882202,0.0782135501503944,Unknown,2017,Zambia,1.261023193597794,1.2693768665194516
4.49700021743774,1.10271048545837,0.978613197803497,0.501180469989777,0.288555532693863,0.19963726401329,0.107215754687786,Unknown,2017,Iraq,1.479793667793274,1.4836875274777368
4.46500015258789,1.1982102394104,1.1556202173233,0.356578588485718,0.312328577041626,0.0437853783369064,0.0760467872023582,Unknown,2017,Gabon,1.5121988058090179,1.478277407586574
4.46000003814697,0.339233845472336,0.86466920375824,0.353409707546234,0.408842742443085,0.312650740146637,0.165455713868141,Unknown,2017,Ethiopia,1.2180789113044739,0.895271614193917
4.44000005722046,1.00985014438629,1.25997638702393,0.625130832195282,0.561213254928589,0.490863561630249,0.0736539661884308,Unknown,2017,Sri Lanka,1.885107219219212,1.9882729947566973
4.37599992752075,0.900596737861633,1.00748372077942,0.637524425983429,0.198303267359734,0.0834880918264389,0.0266744215041399,Unknown,2017,Armenia,1.645008146762849,1.1557136755436659
4.31500005722046,0.792221248149872,0.754372596740723,0.455427616834641,0.469987004995346,0.231538489460945,0.0922268852591515,Unknown,2017,India,1.209800213575364,1.4015198573470116
4.29199981689453,0.648457288742065,1.2720308303833,0.285349279642105,0.0960980430245399,0.201870024204254,0.136957004666328,Unknown,2017,Mauritania,1.557380110025405,0.809468351304531
4.29099988937378,0.808964252471924,0.832044363021851,0.28995743393898,0.435025870800018,0.120852127671242,0.0796181336045265,Unknown,2017,Congo (Brazzaville),1.1220017969608311,1.2852241173386576
4.28599977493286,0.950612664222717,0.57061493396759,0.649546980857849,0.309410035610199,0.0540088154375553,0.251666635274887,Unknown,2017,Georgia,1.220161914825439,1.062364879995584
4.28000020980835,0.0921023488044739,1.22902345657349,0.191407024860382,0.235961347818375,0.246455833315849,0.0602413564920425,Unknown,2017,Congo (Kinshasa),1.4204304814338722,0.5142781734466554
4.19000005722046,0.476180493831635,1.28147339820862,0.169365674257278,0.306613743305206,0.183354198932648,0.104970246553421,Unknown,2017,Mali,1.450839072465898,0.8611781895160681
4.17999982833862,0.603048920631409,0.904780030250549,0.0486421696841717,0.447706192731857,0.201237469911575,0.130061775445938,Unknown,2017,Ivory Coast,0.9534221999347207,1.1219308078289032
4.16800022125244,0.601765096187592,1.00623834133148,0.429783403873444,0.633375823497772,0.385922968387604,0.0681059509515762,Unknown,2017,Cambodia,1.436021745204924,1.5529579371213917
4.13899993896484,0.65951669216156,1.21400856971741,0.290920823812485,0.0149958552792668,0.182317450642586,0.089847519993782,Unknown,2017,Sudan,1.5049293935298949,0.7669824780896307
4.11999988555908,0.667224824428558,0.873664736747742,0.295637726783752,0.423026293516159,0.256923943758011,0.0253363698720932,Unknown,2017,Ghana,1.1693024635314941,1.3218386918306346
4.09600019454956,0.89465194940567,1.39453756809235,0.575903952121735,0.122974775731564,0.270061463117599,0.0230294708162546,Unknown,2017,Ukraine,1.9704415202140848,1.2646587174385784
4.08099985122681,0.381430715322495,1.12982773780823,0.217632606625557,0.443185955286026,0.325766056776047,0.057069718837738,Unknown,2017,Uganda,1.347460344433787,1.09331300854683
4.03200006484985,0.3502277135849,1.04328000545502,0.215844258666039,0.324367851018906,0.250864684581757,0.120328105986118,Unknown,2017,Burkina Faso,1.259124264121059,0.805132143199445
4.02799987792969,0.161925330758095,0.993025004863739,0.26850500702858,0.36365869641304,0.228673845529556,0.138572946190834,Unknown,2017,Niger,1.261530011892319,0.615684926509857
3.97000002861023,0.233442038297653,0.512568831443787,0.315089583396912,0.466914653778076,0.287170469760895,0.0727116540074348,Unknown,2017,Malawi,0.8276584148406989,0.9148155078291892
3.93600010871887,0.438012987375259,0.953855872154236,0.0411347150802612,0.16234202682972,0.216113850474358,0.0535818822681904,Unknown,2017,Chad,0.9949905872344972,0.7628869824111466
3.875,0.375846534967422,1.08309590816498,0.196763753890991,0.336384207010269,0.189143493771553,0.0953753814101219,Unknown,2017,Zimbabwe,1.279859662055971,0.8059988543391221
3.80800008773804,0.521021246910095,1.19009518623352,0.0,0.390661299228668,0.157497271895409,0.119094640016556,Unknown,2017,Lesotho,1.19009518623352,0.950085178017616
3.79500007629395,0.858428180217743,1.10441195964813,0.0498686656355858,0.0,0.097926490008831,0.0697203353047371,Unknown,2017,Angola,1.1542806252837159,0.886634334921837
3.79399991035461,0.401477217674255,0.581543326377869,0.180746778845787,0.106179520487785,0.311870932579041,0.0611578300595284,Unknown,2017,Afghanistan,0.7622901052236559,0.7583698406815527
3.76600003242493,1.12209415435791,1.22155499458313,0.341755509376526,0.505196332931519,0.0993484482169151,0.0985831990838051,Unknown,2017,Botswana,1.5633105039596562,1.628055736422539
3.65700006484985,0.431085407733917,0.435299843549728,0.209930211305618,0.425962775945663,0.207948461174965,0.0609290152788162,Unknown,2017,Benin,0.645230054855346,1.0040676295757287
3.64400005340576,0.305808693170547,0.913020372390747,0.375223308801651,0.189196765422821,0.208732530474663,0.0672319754958153,Unknown,2017,Madagascar,1.288243681192398,0.6365060135722157
3.6029999256134,0.368610262870789,0.640449821949005,0.277321130037308,0.0303698573261499,0.489203780889511,0.0998721495270729,Unknown,2017,Haiti,0.9177709519863131,0.7883117515593769
3.59299993515015,0.591683447360992,0.93538224697113,0.310080915689468,0.249463722109795,0.104125209152699,0.0567674227058887,Unknown,2017,Yemen,1.245463162660598,0.8885049559175973
3.59100008010864,0.39724862575531,0.601323127746582,0.163486003875732,0.147062435746193,0.285670816898346,0.116793513298035,Unknown,2017,South Sudan,0.764809131622314,0.7131883651018139
3.53299999237061,0.119041793048382,0.872117936611176,0.229918196797371,0.332881182432175,0.26654988527298,0.0389482490718365,Unknown,2017,Liberia,1.102036133408547,0.6795246116817006
3.50699996948242,0.244549930095673,0.791244685649872,0.194129139184952,0.348587512969971,0.264815092086792,0.110937617719173,Unknown,2017,Guinea,0.985373824834824,0.747014917433263
3.49499988555908,0.305444717407227,0.431882530450821,0.247105568647385,0.38042613863945,0.196896150708199,0.0956650152802467,Unknown,2017,Togo,0.678988099098206,0.7871019914746293
3.47099995613098,0.368745893239975,0.945707023143768,0.326424807310104,0.581843852996826,0.252756029367447,0.455220013856888,Unknown,2017,Rwanda,1.272131830453872,0.74812576174736
3.46199989318848,0.777153134346008,0.396102607250214,0.50053334236145,0.0815394446253777,0.493663728237152,0.151347130537033,Unknown,2017,Syria,0.896635949611664,1.2010091766715045
3.34899997711182,0.511135876178741,1.04198980331421,0.364509284496307,0.390017777681351,0.354256361722946,0.0660351067781448,Unknown,2017,Tanzania,1.406499087810517,1.189374908804893
2.90499997138977,0.091622568666935,0.629793584346771,0.151610791683197,0.0599007532000542,0.204435184597969,0.0841479450464249,Unknown,2017,Burundi,0.781404376029968,0.2718105614185333
2.69300007820129,0.0,0.0,0.0187726859003305,0.270842045545578,0.280876487493515,0.0565650761127472,Unknown,2017,Central African Republic,0.0187726859003305,0.4951534569263458
7.632,1.305,1.592,0.874,0.681,0.202,0.393,Unknown,2018,Finland,2.466,1.7950000000000002
7.594,1.456,1.582,0.861,0.686,0.286,0.34,Unknown,2018,Norway,2.443,2.088
7.555,1.351,1.59,0.868,0.683,0.284,0.408,Unknown,2018,Denmark,2.458,1.9099999999999997
7.495,1.343,1.644,0.914,0.677,0.353,0.138,Unknown,2018,Iceland,2.558,2.2350000000000003
7.487,1.42,1.549,0.927,0.66,0.256,0.357,Unknown,2018,Switzerland,2.476,1.9790000000000003
7.441,1.361,1.488,0.878,0.638,0.333,0.295,Unknown,2018,Netherlands,2.366,2.0370000000000004
7.328,1.33,1.532,0.896,0.653,0.321,0.291,Unknown,2018,Canada,2.428,2.0130000000000003
7.324,1.268,1.601,0.876,0.669,0.365,0.389,Unknown,2018,New Zealand,2.477,1.913
7.314,1.355,1.501,0.913,0.659,0.285,0.383,Unknown,2018,Sweden,2.4139999999999997,1.9160000000000004
7.272,1.34,1.573,0.91,0.647,0.361,0.302,Unknown,2018,Australia,2.483,2.046
7.19,1.244,1.433,0.888,0.464,0.262,0.082,Unknown,2018,United Kingdom,2.321,1.888
7.139,1.341,1.504,0.891,0.617,0.242,0.224,Unknown,2018,Austria,2.395,1.9760000000000002
7.072,1.01,1.459,0.817,0.632,0.143,0.101,Unknown,2018,Costa Rica,2.276,1.684
6.977,1.448,1.583,0.876,0.614,0.307,0.306,Unknown,2018,Ireland,2.459,2.0629999999999997
6.965,1.34,1.474,0.861,0.586,0.273,0.28,Unknown,2018,Germany,2.335,1.9190000000000003
6.927,1.324,1.483,0.894,0.583,0.188,0.24,Unknown,2018,Belgium,2.3770000000000002,1.8550000000000002
6.91,1.576,1.52,0.896,0.632,0.196,0.321,Unknown,2018,Luxembourg,2.416,2.083
6.886,1.398,1.471,0.819,0.547,0.291,0.133,Unknown,2018,United States,2.29,2.1029999999999998
6.814,1.301,1.559,0.883,0.533,0.354,0.272,Unknown,2018,Israel,2.442,1.9160000000000001
6.774,2.096,0.776,0.67,0.284,0.186,0.082,Unknown,2018,United Arab Emirates,1.4460000000000002,2.484
6.711,1.233,1.489,0.854,0.543,0.064,0.034,Unknown,2018,Czech Republic,2.343,1.8060000000000003
6.627,1.27,1.525,0.884,0.645,0.376,0.142,Unknown,2018,Malta,2.409,2.149
6.489,1.293,1.466,0.908,0.52,0.098,0.176,Unknown,2018,France,2.374,1.735
6.488,1.038,1.252,0.761,0.479,0.069,0.095,Unknown,2018,Mexico,2.013,1.4909999999999999
6.476,1.131,1.331,0.808,0.431,0.197,0.061,Unknown,2018,Chile,2.1390000000000002,1.6980000000000002
6.441,1.365,1.436,0.857,0.418,0.151,0.078,Unknown,2018,Taiwan,2.293,1.8559999999999999
6.43,1.112,1.438,0.759,0.597,0.125,0.063,Unknown,2018,Panama,2.197,1.7710000000000001
6.419,0.986,1.474,0.675,0.493,0.11,0.088,Unknown,2018,Brazil,2.149,1.5010000000000001
6.388,1.073,1.468,0.744,0.57,0.062,0.054,Unknown,2018,Argentina,2.2119999999999997,1.6509999999999998
6.382,0.781,1.268,0.608,0.604,0.179,0.071,Unknown,2018,Guatemala,1.876,1.493
6.379,1.093,1.459,0.771,0.625,0.13,0.155,Unknown,2018,Uruguay,2.23,1.6929999999999998
6.374,1.649,1.303,0.748,0.654,0.256,0.171,Unknown,2018,Qatar,2.051,2.3880000000000003
6.371,1.379,1.331,0.633,0.509,0.098,0.127,Unknown,2018,Saudi Arabia,1.964,1.859
6.343,1.529,1.451,1.008,0.631,0.261,0.457,Unknown,2018,Singapore,2.459,1.9640000000000002
6.322,1.161,1.258,0.669,0.356,0.311,0.059,Unknown,2018,Malaysia,1.927,1.769
6.31,1.251,1.538,0.965,0.449,0.142,0.074,Unknown,2018,Spain,2.503,1.7679999999999998
6.26,0.96,1.439,0.635,0.531,0.099,0.039,Unknown,2018,Colombia,2.074,1.5510000000000002
6.192,1.223,1.492,0.564,0.575,0.171,0.019,Unknown,2018,Trinidad & Tobago,2.056,1.9500000000000002
6.173,1.21,1.537,0.776,0.354,0.118,0.014,Unknown,2018,Slovakia,2.3129999999999997,1.668
6.167,0.806,1.231,0.639,0.461,0.065,0.082,Unknown,2018,El Salvador,1.87,1.25
6.141,0.668,1.319,0.7,0.527,0.208,0.128,Unknown,2018,Nicaragua,2.019,1.275
6.123,1.176,1.448,0.781,0.546,0.108,0.064,Unknown,2018,Poland,2.229,1.766
6.105,1.338,1.366,0.698,0.594,0.243,0.123,Unknown,2018,Bahrain,2.064,2.0519999999999996
6.096,0.719,1.584,0.605,0.724,0.328,0.259,Unknown,2018,Uzbekistan,2.189,1.512
6.083,1.474,1.301,0.675,0.554,0.167,0.106,Unknown,2018,Kuwait,1.976,2.089
6.072,1.016,1.417,0.707,0.637,0.364,0.029,Unknown,2018,Thailand,2.124,1.988
6.0,1.264,1.501,0.946,0.281,0.137,0.028,Unknown,2018,Italy,2.447,1.654
5.973,0.889,1.33,0.736,0.556,0.114,0.12,Unknown,2018,Ecuador,2.066,1.439
5.956,0.807,1.101,0.474,0.593,0.183,0.089,Unknown,2018,Belize,1.575,1.494
5.952,1.197,1.527,0.716,0.35,0.026,0.006,Unknown,2018,Lithuania,2.243,1.5670000000000002
5.948,1.219,1.506,0.856,0.633,0.16,0.051,Unknown,2018,Slovenia,2.362,1.961
5.945,1.116,1.219,0.726,0.528,0.088,0.001,Unknown,2018,Romania,1.945,1.7310000000000003
5.933,1.148,1.454,0.671,0.363,0.092,0.066,Unknown,2018,Latvia,2.125,1.537
5.915,1.294,1.462,0.988,0.553,0.079,0.15,Unknown,2018,Japan,2.45,1.776
5.891,1.09,1.387,0.684,0.584,0.245,0.05,Unknown,2018,Mauritius,2.071,1.869
5.89,0.819,1.493,0.693,0.575,0.096,0.031,Unknown,2018,Jamaica,2.186,1.459
5.875,1.266,1.204,0.955,0.244,0.175,0.051,Unknown,2018,South Korea,2.159,1.6340000000000001
5.835,1.229,1.211,0.909,0.495,0.179,0.154,Unknown,2018,Northern Cyprus,2.12,1.7490000000000003
5.81,1.151,1.479,0.599,0.399,0.065,0.025,Unknown,2018,Russia,2.0780000000000003,1.59
5.79,1.143,1.516,0.631,0.454,0.148,0.121,Unknown,2018,Kazakhstan,2.1470000000000002,1.6239999999999999
5.762,1.229,1.191,0.909,0.423,0.202,0.035,Unknown,2018,Cyprus,2.1,1.8190000000000002
5.752,0.751,1.223,0.508,0.606,0.141,0.054,Unknown,2018,Bolivia,1.731,1.444
5.739,1.2,1.532,0.737,0.553,0.086,0.174,Unknown,2018,Estonia,2.269,1.6650000000000003
5.681,0.835,1.522,0.615,0.541,0.162,0.074,Unknown,2018,Paraguay,2.137,1.4639999999999997
5.663,0.934,1.249,0.674,0.53,0.092,0.034,Unknown,2018,Peru,1.923,1.522
5.662,0.855,1.23,0.578,0.448,0.274,0.023,Unknown,2018,Kosovo,1.8079999999999998,1.554
5.64,0.657,1.301,0.62,0.232,0.171,0.0,Unknown,2018,Moldova,1.9209999999999998,1.06
5.636,1.016,1.533,0.517,0.417,0.199,0.037,Unknown,2018,Turkmenistan,2.05,1.5950000000000002
5.62,1.171,1.401,0.732,0.259,0.061,0.022,Unknown,2018,Hungary,2.133,1.469
5.566,0.985,1.35,0.553,0.496,0.116,0.148,Unknown,2018,Libya,1.903,1.449
5.524,0.775,1.312,0.513,0.643,0.12,0.105,Unknown,2018,Philippines,1.8250000000000002,1.4330000000000003
5.504,0.62,1.205,0.622,0.459,0.197,0.074,Unknown,2018,Honduras,1.827,1.202
5.483,1.039,1.498,0.7,0.307,0.101,0.154,Unknown,2018,Belarus,2.198,1.293
5.483,1.148,1.38,0.686,0.324,0.106,0.109,Unknown,2018,Turkey,2.066,1.469
5.472,0.652,0.81,0.424,0.334,0.216,0.113,Unknown,2018,Pakistan,1.234,1.089
5.43,1.405,1.29,1.03,0.524,0.246,0.291,Unknown,2018,Hong Kong,2.3200000000000003,1.884
5.41,1.188,1.429,0.884,0.562,0.055,0.017,Unknown,2018,Portugal,2.313,1.788
5.398,0.975,1.369,0.685,0.288,0.134,0.043,Unknown,2018,Serbia,2.0540000000000003,1.3539999999999999
5.358,1.154,1.202,0.879,0.131,0.0,0.044,Unknown,2018,Greece,2.081,1.2409999999999999
5.358,0.965,1.179,0.785,0.503,0.214,0.136,Unknown,2018,Lebanon,1.964,1.5459999999999998
5.347,1.017,1.279,0.729,0.259,0.111,0.081,Unknown,2018,Montenegro,2.008,1.3059999999999998
5.321,1.115,1.161,0.737,0.38,0.12,0.039,Unknown,2018,Croatia,1.8980000000000001,1.5760000000000003
5.302,0.982,1.441,0.614,0.578,0.12,0.106,Unknown,2018,Dominican Republic,2.055,1.574
5.295,0.979,1.154,0.687,0.077,0.055,0.135,Unknown,2018,Algeria,1.841,0.976
5.254,0.779,0.797,0.669,0.46,0.026,0.074,Unknown,2018,Morocco,1.4660000000000002,1.191
5.246,0.989,1.142,0.799,0.597,0.029,0.103,Unknown,2018,China,1.9409999999999998,1.5119999999999998
5.201,1.024,1.161,0.603,0.43,0.031,0.176,Unknown,2018,Azerbaijan,1.764,1.309
5.199,0.474,1.166,0.598,0.292,0.187,0.034,Unknown,2018,Tajikistan,1.7639999999999998,0.919
5.185,0.959,1.239,0.691,0.394,0.173,0.052,Unknown,2018,Macedonia,1.9300000000000002,1.474
5.161,0.822,1.265,0.645,0.468,0.13,0.134,Unknown,2018,Jordan,1.91,1.286
5.155,0.689,1.172,0.048,0.462,0.201,0.032,Unknown,2018,Nigeria,1.22,1.32
5.131,0.53,1.416,0.594,0.54,0.281,0.035,Unknown,2018,Kyrgyzstan,2.01,1.316
5.129,0.915,1.078,0.758,0.28,0.216,0.0,Unknown,2018,Bosnia and Herzegovina,1.836,1.411
5.125,0.914,1.517,0.575,0.395,0.253,0.032,Unknown,2018,Mongolia,2.0919999999999996,1.5300000000000002
5.103,0.715,1.365,0.702,0.618,0.177,0.079,Unknown,2018,Vietnam,2.067,1.431
5.093,0.899,1.215,0.522,0.538,0.484,0.018,Unknown,2018,Indonesia,1.737,1.903
5.082,0.796,1.335,0.527,0.541,0.364,0.171,Unknown,2018,Bhutan,1.862,1.53
4.982,0.0,0.712,0.115,0.674,0.238,0.282,Unknown,2018,Somalia,0.827,0.6300000000000001
4.975,0.535,0.891,0.182,0.454,0.183,0.043,Unknown,2018,Cameroon,1.073,1.1290000000000002
4.933,1.054,1.515,0.712,0.359,0.064,0.009,Unknown,2018,Bulgaria,2.227,1.4680000000000002
4.88,0.425,1.228,0.539,0.526,0.302,0.078,Unknown,2018,Nepal,1.767,1.175
4.806,0.996,1.469,0.657,0.133,0.056,0.052,Unknown,2018,Venezuela,2.1260000000000003,1.133
4.758,1.036,1.164,0.404,0.356,0.032,0.052,Unknown,2018,Gabon,1.568,1.3719999999999999
4.743,0.642,1.217,0.602,0.266,0.086,0.076,Unknown,2018,Palestinian Territories,1.819,0.918
4.724,0.94,1.41,0.33,0.516,0.103,0.056,Unknown,2018,South Africa,1.74,1.503
4.707,1.059,0.771,0.691,0.459,0.282,0.129,Unknown,2018,Iran,1.462,1.671
4.671,0.541,0.872,0.08,0.467,0.146,0.103,Unknown,2018,Ivory Coast,0.952,1.051
4.657,0.592,0.896,0.337,0.499,0.212,0.029,Unknown,2018,Ghana,1.233,1.274
4.631,0.429,1.117,0.433,0.406,0.138,0.082,Unknown,2018,Senegal,1.55,0.891
4.623,0.72,1.034,0.441,0.626,0.23,0.174,Unknown,2018,Laos,1.475,1.4020000000000001
4.592,0.9,0.906,0.69,0.271,0.04,0.063,Unknown,2018,Tunisia,1.596,1.1480000000000001
4.586,0.916,0.817,0.79,0.419,0.149,0.032,Unknown,2018,Albania,1.607,1.452
4.571,0.256,0.813,0.0,0.355,0.238,0.053,Unknown,2018,Sierra Leone,0.813,0.7959999999999999
4.559,0.682,0.811,0.343,0.514,0.091,0.077,Unknown,2018,Congo (Brazzaville),1.1540000000000001,1.2100000000000002
4.5,0.532,0.85,0.579,0.58,0.153,0.144,Unknown,2018,Bangladesh,1.4289999999999998,1.1210000000000002
4.471,0.918,1.314,0.672,0.585,0.307,0.05,Unknown,2018,Sri Lanka,1.9860000000000002,1.76
4.456,1.01,0.971,0.536,0.304,0.148,0.095,Unknown,2018,Iraq,1.5070000000000001,1.367
4.447,0.37,1.233,0.152,0.367,0.139,0.056,Unknown,2018,Mali,1.385,0.82
4.441,0.874,1.281,0.365,0.519,0.051,0.064,Unknown,2018,Namibia,1.646,1.38
4.433,0.549,1.088,0.457,0.696,0.256,0.065,Unknown,2018,Cambodia,1.5450000000000002,1.4360000000000002
4.424,0.314,1.097,0.254,0.312,0.175,0.128,Unknown,2018,Burkina Faso,1.351,0.6729999999999999
4.419,0.885,1.025,0.553,0.312,0.092,0.107,Unknown,2018,Egypt,1.5779999999999998,1.1820000000000002
4.417,0.198,0.902,0.173,0.531,0.206,0.158,Unknown,2018,Mozambique,1.075,0.777
4.41,0.493,1.048,0.454,0.504,0.352,0.055,Unknown,2018,Kenya,1.502,1.294
4.377,0.562,1.047,0.295,0.503,0.221,0.082,Unknown,2018,Zambia,1.3419999999999999,1.204
4.356,0.557,1.245,0.292,0.129,0.134,0.093,Unknown,2018,Mauritania,1.5370000000000001,0.7270000000000001
4.35,0.308,0.95,0.391,0.452,0.22,0.146,Unknown,2018,Ethiopia,1.341,0.834
4.34,0.853,0.592,0.643,0.375,0.038,0.215,Unknown,2018,Georgia,1.2349999999999999,1.051
4.321,0.816,0.99,0.666,0.26,0.077,0.028,Unknown,2018,Armenia,1.6560000000000001,1.125
4.308,0.682,1.174,0.429,0.58,0.598,0.178,Unknown,2018,Myanmar,1.603,1.682
4.301,0.358,0.907,0.053,0.189,0.181,0.06,Unknown,2018,Chad,0.9600000000000001,0.6679999999999999
4.245,0.069,1.136,0.204,0.312,0.197,0.052,Unknown,2018,Congo (Kinshasa),1.3399999999999999,0.526
4.19,0.721,0.747,0.485,0.539,0.172,0.093,Unknown,2018,India,1.232,1.339
4.166,0.131,0.867,0.221,0.39,0.175,0.099,Unknown,2018,Niger,1.088,0.597
4.161,0.322,1.09,0.237,0.45,0.259,0.061,Unknown,2018,Uganda,1.327,0.9700000000000002
4.141,0.378,0.372,0.24,0.44,0.163,0.067,Unknown,2018,Benin,0.612,0.9140000000000001
4.139,0.605,1.24,0.312,0.016,0.134,0.082,Unknown,2018,Sudan,1.552,0.673
4.103,0.793,1.413,0.609,0.163,0.187,0.011,Unknown,2018,Ukraine,2.0220000000000002,1.1320000000000001
3.999,0.259,0.474,0.253,0.434,0.158,0.101,Unknown,2018,Togo,0.727,0.7500000000000001
3.964,0.344,0.792,0.211,0.394,0.185,0.094,Unknown,2018,Guinea,1.0030000000000001,0.8290000000000001
3.808,0.472,1.215,0.079,0.423,0.116,0.112,Unknown,2018,Lesotho,1.294,0.8990000000000001
3.795,0.73,1.125,0.269,0.0,0.079,0.061,Unknown,2018,Angola,1.3940000000000001,0.748
3.774,0.262,0.908,0.402,0.221,0.155,0.049,Unknown,2018,Madagascar,1.31,0.589
3.692,0.357,1.094,0.248,0.406,0.132,0.099,Unknown,2018,Zimbabwe,1.342,0.796
3.632,0.332,0.537,0.255,0.085,0.191,0.036,Unknown,2018,Afghanistan,0.792,0.5720000000000001
3.59,1.017,1.174,0.417,0.557,0.042,0.092,Unknown,2018,Botswana,1.591,1.5239999999999998
3.587,0.186,0.541,0.306,0.531,0.21,0.08,Unknown,2018,Malawi,0.847,0.8470000000000001
3.582,0.315,0.714,0.289,0.025,0.392,0.104,Unknown,2018,Haiti,1.003,0.628
3.495,0.076,0.858,0.267,0.419,0.206,0.03,Unknown,2018,Liberia,1.125,0.6709999999999999
3.462,0.689,0.382,0.539,0.088,0.376,0.144,Unknown,2018,Syria,0.921,1.0090000000000001
3.408,0.332,0.896,0.4,0.636,0.2,0.444,Unknown,2018,Rwanda,1.296,0.724
3.355,0.442,1.073,0.343,0.244,0.083,0.064,Unknown,2018,Yemen,1.416,0.7049999999999998
3.303,0.455,0.991,0.381,0.481,0.27,0.097,Unknown,2018,Tanzania,1.3719999999999999,1.109
3.254,0.337,0.608,0.177,0.112,0.224,0.106,Unknown,2018,South Sudan,0.7849999999999999,0.5670000000000001
3.083,0.024,0.0,0.01,0.305,0.218,0.038,Unknown,2018,Central African Republic,0.01,0.509
2.905,0.091,0.627,0.145,0.065,0.149,0.076,Unknown,2018,Burundi,0.772,0.22899999999999998
7.769,1.34,1.587,0.986,0.596,0.153,0.393,Unknown,2019,Finland,2.573,1.696
7.6,1.383,1.573,0.996,0.592,0.252,0.41,Unknown,2019,Denmark,2.569,1.8170000000000004
7.554,1.488,1.582,1.028,0.603,0.271,0.341,Unknown,2019,Norway,2.6100000000000003,2.021
7.494,1.38,1.624,1.026,0.591,0.354,0.118,Unknown,2019,Iceland,2.6500000000000004,2.207
7.488,1.396,1.522,0.999,0.557,0.322,0.298,Unknown,2019,Netherlands,2.521,1.9769999999999999
7.48,1.452,1.526,1.052,0.572,0.263,0.343,Unknown,2019,Switzerland,2.5780000000000003,1.944
7.343,1.387,1.487,1.009,0.574,0.267,0.373,Unknown,2019,Sweden,2.496,1.8549999999999998
7.307,1.303,1.557,1.026,0.585,0.33,0.38,Unknown,2019,New Zealand,2.583,1.838
7.278,1.365,1.505,1.039,0.584,0.285,0.308,Unknown,2019,Canada,2.5439999999999996,1.926
7.246,1.376,1.475,1.016,0.532,0.244,0.226,Unknown,2019,Austria,2.491,1.9260000000000002
7.228,1.372,1.548,1.036,0.557,0.332,0.29,Unknown,2019,Australia,2.584,1.971
7.167,1.034,1.441,0.963,0.558,0.144,0.093,Unknown,2019,Costa Rica,2.404,1.643
7.139,1.276,1.455,1.029,0.371,0.261,0.082,Unknown,2019,Israel,2.484,1.8259999999999998
7.09,1.609,1.479,1.012,0.526,0.194,0.316,Unknown,2019,Luxembourg,2.491,2.013
7.054,1.333,1.538,0.996,0.45,0.348,0.278,Unknown,2019,United Kingdom,2.534,1.8529999999999998
7.021,1.499,1.553,0.999,0.516,0.298,0.31,Unknown,2019,Ireland,2.552,2.003
6.985,1.373,1.454,0.987,0.495,0.261,0.265,Unknown,2019,Germany,2.441,1.8639999999999999
6.923,1.356,1.504,0.986,0.473,0.16,0.21,Unknown,2019,Belgium,2.49,1.7790000000000001
6.892,1.433,1.457,0.874,0.454,0.28,0.128,Unknown,2019,United States,2.331,2.0389999999999997
6.852,1.269,1.487,0.92,0.457,0.046,0.036,Unknown,2019,Czech Republic,2.407,1.736
6.825,1.503,1.31,0.825,0.598,0.262,0.182,Unknown,2019,United Arab Emirates,2.135,2.181
6.726,1.3,1.52,0.999,0.564,0.375,0.151,Unknown,2019,Malta,2.519,2.088
6.595,1.07,1.323,0.861,0.433,0.074,0.073,Unknown,2019,Mexico,2.184,1.5040000000000002
6.592,1.324,1.472,1.045,0.436,0.111,0.183,Unknown,2019,France,2.517,1.688
6.446,1.368,1.43,0.914,0.351,0.242,0.097,Unknown,2019,Taiwan,2.344,1.864
6.444,1.159,1.369,0.92,0.357,0.187,0.056,Unknown,2019,Chile,2.289,1.647
6.436,0.8,1.269,0.746,0.535,0.175,0.078,Unknown,2019,Guatemala,2.0149999999999997,1.432
6.375,1.403,1.357,0.795,0.439,0.08,0.132,Unknown,2019,Saudi Arabia,2.152,1.79
6.374,1.684,1.313,0.871,0.555,0.22,0.167,Unknown,2019,Qatar,2.184,2.2920000000000003
6.354,1.286,1.484,1.062,0.362,0.153,0.079,Unknown,2019,Spain,2.5460000000000003,1.7220000000000002
6.321,1.149,1.442,0.91,0.516,0.109,0.054,Unknown,2019,Panama,2.352,1.72
6.3,1.004,1.439,0.802,0.39,0.099,0.086,Unknown,2019,Brazil,2.241,1.407
6.293,1.124,1.465,0.891,0.523,0.127,0.15,Unknown,2019,Uruguay,2.356,1.6240000000000003
6.262,1.572,1.463,1.141,0.556,0.271,0.453,Unknown,2019,Singapore,2.604,1.946
6.253,0.794,1.242,0.789,0.43,0.093,0.074,Unknown,2019,El Salvador,2.031,1.2429999999999999
6.223,1.294,1.488,1.039,0.231,0.158,0.03,Unknown,2019,Italy,2.527,1.653
6.199,1.362,1.368,0.871,0.536,0.255,0.11,Unknown,2019,Bahrain,2.239,2.043
6.198,1.246,1.504,0.881,0.334,0.121,0.014,Unknown,2019,Slovakia,2.385,1.687
6.192,1.231,1.477,0.713,0.489,0.185,0.016,Unknown,2019,Trinidad & Tobago,2.19,1.8890000000000002
6.182,1.206,1.438,0.884,0.483,0.117,0.05,Unknown,2019,Poland,2.322,1.756
6.174,0.745,1.529,0.756,0.631,0.322,0.24,Unknown,2019,Uzbekistan,2.285,1.458
6.149,1.238,1.515,0.818,0.291,0.043,0.042,Unknown,2019,Lithuania,2.3329999999999997,1.5299999999999998
6.125,0.985,1.41,0.841,0.47,0.099,0.034,Unknown,2019,Colombia,2.251,1.52
6.118,1.258,1.523,0.953,0.564,0.144,0.057,Unknown,2019,Slovenia,2.476,1.909
6.105,0.694,1.325,0.835,0.435,0.2,0.127,Unknown,2019,Nicaragua,2.16,1.202
6.1,0.882,1.232,0.758,0.489,0.262,0.006,Unknown,2019,Kosovo,1.99,1.627
6.086,1.092,1.432,0.881,0.471,0.066,0.05,Unknown,2019,Argentina,2.3129999999999997,1.5790000000000002
6.07,1.162,1.232,0.825,0.462,0.083,0.005,Unknown,2019,Romania,2.057,1.702
6.046,1.263,1.223,1.042,0.406,0.19,0.041,Unknown,2019,Cyprus,2.265,1.818
6.028,0.912,1.312,0.868,0.498,0.126,0.087,Unknown,2019,Ecuador,2.18,1.449
6.021,1.5,1.319,0.808,0.493,0.142,0.097,Unknown,2019,Kuwait,2.127,2.038
6.008,1.05,1.409,0.828,0.557,0.359,0.028,Unknown,2019,Thailand,2.237,1.9380000000000002
5.94,1.187,1.465,0.812,0.264,0.075,0.064,Unknown,2019,Latvia,2.277,1.462
5.895,1.301,1.219,1.036,0.159,0.175,0.056,Unknown,2019,South Korea,2.255,1.579
5.893,1.237,1.528,0.874,0.495,0.103,0.161,Unknown,2019,Estonia,2.402,1.6740000000000002
5.89,0.831,1.478,0.831,0.49,0.107,0.028,Unknown,2019,Jamaica,2.309,1.4
5.888,1.12,1.402,0.798,0.498,0.215,0.06,Unknown,2019,Mauritius,2.2,1.7730000000000001
5.886,1.327,1.419,1.088,0.445,0.069,0.14,Unknown,2019,Japan,2.507,1.701
5.86,0.642,1.236,0.828,0.507,0.246,0.078,Unknown,2019,Honduras,2.064,1.317
5.809,1.173,1.508,0.729,0.41,0.146,0.096,Unknown,2019,Kazakhstan,2.237,1.6329999999999998
5.779,0.776,1.209,0.706,0.511,0.137,0.064,Unknown,2019,Bolivia,1.915,1.3599999999999999
5.758,1.201,1.41,0.828,0.199,0.081,0.02,Unknown,2019,Hungary,2.238,1.461
5.743,0.855,1.475,0.777,0.514,0.184,0.08,Unknown,2019,Paraguay,2.2520000000000002,1.4729999999999999
5.718,1.263,1.252,1.042,0.417,0.191,0.162,Unknown,2019,Northern Cyprus,2.294,1.709
5.697,0.96,1.274,0.854,0.455,0.083,0.027,Unknown,2019,Peru,2.128,1.471
5.693,1.221,1.431,0.999,0.508,0.047,0.025,Unknown,2019,Portugal,2.43,1.7510000000000001
5.653,0.677,0.886,0.535,0.313,0.22,0.098,Unknown,2019,Pakistan,1.421,1.1119999999999999
5.648,1.183,1.452,0.726,0.334,0.082,0.031,Unknown,2019,Russia,2.178,1.5680000000000003
5.631,0.807,1.293,0.657,0.558,0.117,0.107,Unknown,2019,Philippines,1.95,1.3750000000000002
5.603,1.004,1.383,0.854,0.282,0.137,0.039,Unknown,2019,Serbia,2.237,1.3840000000000001
5.529,0.685,1.328,0.739,0.245,0.181,0.0,Unknown,2019,Moldova,2.067,1.111
5.525,1.044,1.303,0.673,0.416,0.133,0.152,Unknown,2019,Libya,1.976,1.441
5.523,1.051,1.361,0.871,0.197,0.142,0.08,Unknown,2019,Montenegro,2.232,1.3099999999999998
5.467,0.493,1.098,0.718,0.389,0.23,0.144,Unknown,2019,Tajikistan,1.816,0.9680000000000001
5.432,1.155,1.266,0.914,0.296,0.119,0.022,Unknown,2019,Croatia,2.18,1.548
5.43,1.438,1.277,1.122,0.44,0.258,0.287,Unknown,2019,Hong Kong,2.399,1.8490000000000002
5.425,1.015,1.401,0.779,0.497,0.113,0.101,Unknown,2019,Dominican Republic,2.18,1.524
5.386,0.945,1.212,0.845,0.212,0.263,0.006,Unknown,2019,Bosnia and Herzegovina,2.057,1.414
5.373,1.183,1.36,0.808,0.195,0.083,0.106,Unknown,2019,Turkey,2.168,1.355
5.339,1.221,1.171,0.828,0.508,0.26,0.024,Unknown,2019,Malaysia,1.999,1.965
5.323,1.067,1.465,0.789,0.235,0.094,0.142,Unknown,2019,Belarus,2.254,1.2540000000000002
5.287,1.181,1.156,0.999,0.067,0.0,0.034,Unknown,2019,Greece,2.155,1.214
5.285,0.948,1.531,0.667,0.317,0.235,0.038,Unknown,2019,Mongolia,2.198,1.462
5.274,0.983,1.294,0.838,0.345,0.185,0.034,Unknown,2019,North Macedonia,2.132,1.4789999999999999
5.265,0.696,1.111,0.245,0.426,0.215,0.041,Unknown,2019,Nigeria,1.3559999999999999,1.296
5.261,0.551,1.438,0.723,0.508,0.3,0.023,Unknown,2019,Kyrgyzstan,2.161,1.3360000000000003
5.247,1.052,1.538,0.657,0.394,0.244,0.028,Unknown,2019,Turkmenistan,2.1950000000000003,1.6620000000000001
5.211,1.002,1.16,0.785,0.086,0.073,0.114,Unknown,2019,Algeria,1.9449999999999998,1.047
5.208,0.801,0.782,0.782,0.418,0.036,0.076,Unknown,2019,Morocco,1.564,1.179
5.208,1.043,1.147,0.769,0.351,0.035,0.182,Unknown,2019,Azerbaijan,1.916,1.2469999999999999
5.197,0.987,1.224,0.815,0.216,0.166,0.027,Unknown,2019,Lebanon,2.0389999999999997,1.342
5.192,0.931,1.203,0.66,0.491,0.498,0.028,Unknown,2019,Indonesia,1.863,1.8920000000000001
5.191,1.029,1.125,0.893,0.521,0.058,0.1,Unknown,2019,China,2.018,1.5079999999999998
5.175,0.741,1.346,0.851,0.543,0.147,0.073,Unknown,2019,Vietnam,2.197,1.358
5.082,0.813,1.321,0.604,0.457,0.37,0.167,Unknown,2019,Bhutan,1.9249999999999998,1.473
5.044,0.549,0.91,0.331,0.381,0.187,0.037,Unknown,2019,Cameroon,1.241,1.08
5.011,1.092,1.513,0.815,0.311,0.081,0.004,Unknown,2019,Bulgaria,2.328,1.48
4.996,0.611,0.868,0.486,0.381,0.245,0.04,Unknown,2019,Ghana,1.354,1.197
4.944,0.569,0.808,0.232,0.352,0.154,0.09,Unknown,2019,Ivory Coast,1.04,0.985
4.913,0.446,1.226,0.677,0.439,0.285,0.089,Unknown,2019,Nepal,1.903,1.081
4.906,0.837,1.225,0.815,0.383,0.11,0.13,Unknown,2019,Jordan,2.04,1.2000000000000002
4.883,0.393,0.437,0.397,0.349,0.175,0.082,Unknown,2019,Benin,0.8340000000000001,0.8350000000000001
4.812,0.673,0.799,0.508,0.372,0.105,0.093,Unknown,2019,Congo (Brazzaville),1.307,1.057
4.799,1.057,1.183,0.571,0.295,0.043,0.055,Unknown,2019,Gabon,1.754,1.3399999999999999
4.796,0.764,1.03,0.551,0.547,0.266,0.164,Unknown,2019,Laos,1.581,1.413
4.722,0.96,1.351,0.469,0.389,0.13,0.055,Unknown,2019,South Africa,1.8199999999999998,1.4240000000000002
4.719,0.947,0.848,0.874,0.383,0.178,0.027,Unknown,2019,Albania,1.722,1.481
4.707,0.96,1.427,0.805,0.154,0.064,0.047,Unknown,2019,Venezuela,2.232,1.131
4.7,0.574,1.122,0.637,0.609,0.232,0.062,Unknown,2019,Cambodia,1.7590000000000001,1.3529999999999998
4.696,0.657,1.247,0.672,0.225,0.103,0.066,Unknown,2019,Palestinian Territories,1.919,0.919
4.681,0.45,1.134,0.571,0.292,0.153,0.072,Unknown,2019,Senegal,1.7049999999999998,0.8230000000000001
4.668,0.0,0.698,0.268,0.559,0.243,0.27,Unknown,2019,Somalia,0.966,0.532
4.639,0.879,1.313,0.477,0.401,0.07,0.056,Unknown,2019,Namibia,1.79,1.294
4.628,0.138,0.774,0.366,0.318,0.188,0.102,Unknown,2019,Niger,1.1400000000000001,0.542
4.587,0.331,1.056,0.38,0.255,0.177,0.113,Unknown,2019,Burkina Faso,1.436,0.6500000000000001
4.559,0.85,1.055,0.815,0.283,0.095,0.064,Unknown,2019,Armenia,1.8699999999999999,1.164
4.548,1.1,0.842,0.785,0.305,0.27,0.125,Unknown,2019,Iran,1.627,1.55
4.534,0.38,0.829,0.375,0.332,0.207,0.086,Unknown,2019,Guinea,1.204,0.833
4.519,0.886,0.666,0.752,0.346,0.043,0.164,Unknown,2019,Georgia,1.4180000000000001,1.111
4.516,0.308,0.939,0.428,0.382,0.269,0.167,Unknown,2019,Gambia,1.367,0.7919999999999999
4.509,0.512,0.983,0.581,0.431,0.372,0.053,Unknown,2019,Kenya,1.564,1.262
4.49,0.57,1.167,0.489,0.066,0.106,0.088,Unknown,2019,Mauritania,1.6560000000000001,0.6539999999999999
4.466,0.204,0.986,0.39,0.494,0.197,0.138,Unknown,2019,Mozambique,1.376,0.757
4.461,0.921,1.0,0.815,0.167,0.059,0.055,Unknown,2019,Tunisia,1.815,1.092
4.456,0.562,0.928,0.723,0.527,0.166,0.143,Unknown,2019,Bangladesh,1.651,1.1119999999999999
4.437,1.043,0.98,0.574,0.241,0.148,0.089,Unknown,2019,Iraq,1.5539999999999998,1.3429999999999997
4.418,0.094,1.125,0.357,0.269,0.212,0.053,Unknown,2019,Congo (Kinshasa),1.482,0.5219999999999999
4.39,0.385,1.105,0.308,0.327,0.153,0.052,Unknown,2019,Mali,1.413,0.813
4.374,0.268,0.841,0.242,0.309,0.252,0.045,Unknown,2019,Sierra Leone,1.083,0.7839999999999999
4.366,0.949,1.265,0.831,0.47,0.244,0.047,Unknown,2019,Sri Lanka,2.096,1.616
4.36,0.71,1.181,0.555,0.525,0.566,0.172,Unknown,2019,Myanmar,1.7360000000000002,1.6289999999999998
4.35,0.35,0.766,0.192,0.174,0.198,0.078,Unknown,2019,Chad,0.958,0.644
4.332,0.82,1.39,0.739,0.178,0.187,0.01,Unknown,2019,Ukraine,2.129,1.175
4.286,0.336,1.033,0.532,0.344,0.209,0.1,Unknown,2019,Ethiopia,1.565,0.7889999999999999
4.212,0.811,1.149,0.0,0.313,0.074,0.135,Unknown,2019,Swaziland,1.149,1.0630000000000002
4.189,0.332,1.069,0.443,0.356,0.252,0.06,Unknown,2019,Uganda,1.512,0.8799999999999999
4.166,0.913,1.039,0.644,0.241,0.076,0.067,Unknown,2019,Egypt,1.6829999999999998,1.163
4.107,0.578,1.058,0.426,0.431,0.247,0.087,Unknown,2019,Zambia,1.484,1.1689999999999998
4.085,0.275,0.572,0.41,0.293,0.177,0.085,Unknown,2019,Togo,0.982,0.6600000000000001
4.015,0.755,0.765,0.588,0.498,0.2,0.085,Unknown,2019,India,1.353,1.368
3.975,0.073,0.922,0.443,0.37,0.233,0.033,Unknown,2019,Liberia,1.365,0.643
3.973,0.274,0.757,0.505,0.142,0.275,0.078,Unknown,2019,Comoros,1.262,0.6130000000000001
3.933,0.274,0.916,0.555,0.148,0.169,0.041,Unknown,2019,Madagascar,1.471,0.55
3.802,0.489,1.169,0.168,0.359,0.107,0.093,Unknown,2019,Lesotho,1.337,0.862
3.775,0.046,0.447,0.38,0.22,0.176,0.18,Unknown,2019,Burundi,0.827,0.262
3.663,0.366,1.114,0.433,0.361,0.151,0.089,Unknown,2019,Zimbabwe,1.5470000000000002,0.789
3.597,0.323,0.688,0.449,0.026,0.419,0.11,Unknown,2019,Haiti,1.137,0.658
3.488,1.041,1.145,0.538,0.455,0.025,0.1,Unknown,2019,Botswana,1.683,1.4209999999999998
3.462,0.619,0.378,0.44,0.013,0.331,0.141,Unknown,2019,Syria,0.8180000000000001,0.8220000000000001
3.41,0.191,0.56,0.495,0.443,0.218,0.089,Unknown,2019,Malawi,1.0550000000000002,0.763
3.38,0.287,1.163,0.463,0.143,0.108,0.077,Unknown,2019,Yemen,1.6260000000000001,0.4609999999999999
3.334,0.359,0.711,0.614,0.555,0.217,0.411,Unknown,2019,Rwanda,1.325,0.72
3.231,0.476,0.885,0.499,0.417,0.276,0.147,Unknown,2019,Tanzania,1.384,1.022
3.203,0.35,0.517,0.361,0.0,0.158,0.025,Unknown,2019,Afghanistan,0.878,0.483
3.083,0.026,0.0,0.105,0.225,0.235,0.035,Unknown,2019,Central African Republic,0.105,0.45099999999999996
2.853,0.306,0.575,0.295,0.01,0.202,0.091,Unknown,2019,South Sudan,0.8699999999999999,0.42700000000000005
